OrderID,OrderDate,CustomerID,CustomerSegment,Product,Category,Region,Quantity,UnitPrice,UnitCost,Revenue,Profit
1001,2024-01-01,CUST0075,SMB,Whiteboard,Stationery,South,1,84.42,41.19,84.42,43.23
1002,2024-01-01,CUST0007,Retail,Notebook Pack,Stationery,North,4,13.16,3.92,52.64,36.96
1003,2024-01-01,CUST0050,SMB,Pen Set,Stationery,East,1,10.49,3.01,10.49,7.48
1004,2024-01-02,CUST0069,SMB,Pen Set,Stationery,North,3,10.2,2.97,30.6,21.69
1005,2024-01-03,CUST0034,Retail,Desk Lamp,Furniture,South,5,66.24,25.01,331.2,206.15
1006,2024-01-03,CUST0065,Retail,Wireless Mouse,Electronics,East,2,31.96,12.19,63.92,39.54
1007,2024-01-03,CUST0068,Enterprise,Notebook Pack,Stationery,East,4,13.97,4.0,55.88,39.88
1008,2024-01-04,CUST0040,SMB,Keyboard,Electronics,West,1,103.69,45.18,103.69,58.51
1009,2024-01-05,CUST0009,SMB,Wireless Mouse,Electronics,South,5,33.63,11.73,168.15,109.5
1010,2024-01-06,CUST0068,Enterprise,Headset,Electronics,North,4,125.78,54.05,503.12,286.92
1011,2024-01-06,CUST0026,SMB,Notebook Pack,Stationery,East,3,13.61,4.04,40.83,28.71
1012,2024-01-06,CUST0058,Retail,Standing Desk,Furniture,West,1,616.04,297.09,616.04,318.95
1013,2024-01-06,CUST0029,Retail,Notebook Pack,Stationery,North,1,14.17,3.89,14.17,10.28
1014,2024-01-07,CUST0010,Enterprise,Keyboard,Electronics,West,2,104.23,44.96,208.46,118.54
1015,2024-01-08,CUST0074,SMB,Pen Set,Stationery,West,2,10.22,3.06,20.44,14.32
1016,2024-01-08,CUST0056,SMB,Wireless Mouse,Electronics,North,1,33.1,12.26,33.1,20.84
1017,2024-01-09,CUST0013,Enterprise,Pen Set,Stationery,West,1,10.15,3.05,10.15,7.1
1018,2024-01-10,CUST0058,Retail,USB-C Hub,Electronics,North,1,46.25,17.96,46.25,28.29
1019,2024-01-11,CUST0071,Enterprise,Desk Lamp,Furniture,West,1,65.31,25.06,65.31,40.25
1020,2024-01-12,CUST0031,Retail,Headset,Electronics,West,1,126.82,54.06,126.82,72.76
1021,2024-01-13,CUST0001,SMB,Keyboard,Electronics,North,5,104.04,45.77,520.2,291.35
1022,2024-01-13,CUST0072,Retail,Desk Lamp,Furniture,South,2,63.91,24.53,127.82,78.76
1023,2024-01-13,CUST0070,SMB,USB-C Hub,Electronics,North,1,47.08,17.51,47.08,29.57
1024,2024-01-13,CUST0068,Enterprise,Notebook Pack,Stationery,West,1,14.63,3.9,14.63,10.73
1025,2024-01-14,CUST0031,Retail,Laptop Pro,Electronics,North,2,1354.09,803.34,2708.18,1101.5
1026,2024-01-14,CUST0011,Enterprise,Notebook Pack,Stationery,North,2,13.94,4.01,27.88,19.86
1027,2024-01-15,CUST0031,Retail,USB-C Hub,Electronics,East,1,45.91,18.16,45.91,27.75
1028,2024-01-15,CUST0010,Enterprise,Desk Lamp,Furniture,West,1,65.05,25.09,65.05,39.96
1029,2024-01-15,CUST0065,Retail,Wireless Mouse,Electronics,South,1,35.41,12.27,35.41,23.14
1030,2024-01-16,CUST0070,SMB,Standing Desk,Furniture,North,3,648.69,308.77,1946.07,1019.76
1031,2024-01-16,CUST0071,Enterprise,Pen Set,Stationery,North,1,10.06,3.08,10.06,6.98
1032,2024-01-17,CUST0071,Enterprise,USB-C Hub,Electronics,West,1,46.87,17.69,46.87,29.18
1033,2024-01-17,CUST0034,Retail,Office Chair,Furniture,East,2,380.11,184.41,760.22,391.4
1034,2024-01-18,CUST0036,SMB,Wireless Mouse,Electronics,South,1,32.75,11.73,32.75,21.02
1035,2024-01-19,CUST0055,SMB,Wireless Mouse,Electronics,South,2,31.77,12.32,63.54,38.9
1036,2024-01-19,CUST0005,Retail,Pen Set,Stationery,North,3,9.96,2.94,29.88,21.06
1037,2024-01-19,CUST0006,SMB,Wireless Mouse,Electronics,South,4,32.21,11.82,128.84,81.56
1038,2024-01-20,CUST0053,SMB,Office Chair,Furniture,East,5,405.96,184.6,2029.8,1106.8
1039,2024-01-21,CUST0023,SMB,Keyboard,Electronics,West,4,100.63,45.64,402.52,219.96
1040,2024-01-21,CUST0032,Retail,Office Chair,Furniture,West,1,407.92,175.77,407.92,232.15
1041,2024-01-22,CUST0059,Enterprise,Keyboard,Electronics,North,1,111.91,46.0,111.91,65.91
1042,2024-01-23,CUST0043,Enterprise,Laptop Pro,Electronics,North,1,1206.8,813.12,1206.8,393.68
1043,2024-01-23,CUST0069,SMB,Office Chair,Furniture,South,1,368.51,184.07,368.51,184.44
1044,2024-01-24,CUST0034,Retail,Wireless Mouse,Electronics,West,1,33.92,11.89,33.92,22.03
1045,2024-01-24,CUST0066,Retail,"Monitor 27""",Electronics,South,1,444.85,215.91,444.85,228.94
1046,2024-01-24,CUST0067,Enterprise,Laptop Pro,Electronics,South,4,1286.01,810.53,5144.04,1901.92
1047,2024-01-25,CUST0043,Enterprise,Standing Desk,Furniture,North,2,653.05,293.24,1306.1,719.62
1048,2024-01-25,CUST0053,SMB,Keyboard,Electronics,South,1,110.16,45.15,110.16,65.01
1049,2024-01-26,CUST0023,SMB,Desk Lamp,Furniture,West,2,62.34,25.07,124.68,74.54
1050,2024-01-26,CUST0056,SMB,Laptop Pro,Electronics,North,3,1297.53,791.47,3892.59,1518.18
1051,2024-01-27,CUST0061,Retail,Desk Lamp,Furniture,North,3,67.91,25.35,203.73,127.68
1052,2024-01-27,CUST0080,Enterprise,Pen Set,Stationery,North,1,10.26,3.05,10.26,7.21
1053,2024-01-27,CUST0026,SMB,Pen Set,Stationery,North,1,9.26,3.09,9.26,6.17
1054,2024-01-27,CUST0059,Enterprise,Pen Set,Stationery,East,2,10.02,2.94,20.04,14.16
1055,2024-01-28,CUST0001,SMB,Notebook Pack,Stationery,North,4,14.45,4.09,57.8,41.44
1056,2024-01-28,CUST0067,Enterprise,Whiteboard,Stationery,North,2,88.33,41.0,176.66,94.66
1057,2024-01-28,CUST0060,SMB,Wireless Mouse,Electronics,North,2,35.65,12.07,71.3,47.16
1058,2024-01-28,CUST0079,SMB,Headset,Electronics,West,3,133.64,54.76,400.92,236.64
1059,2024-01-29,CUST0061,Retail,Keyboard,Electronics,East,2,110.93,45.92,221.86,130.02
1060,2024-01-29,CUST0063,SMB,USB-C Hub,Electronics,East,2,46.83,17.54,93.66,58.58
1061,2024-01-29,CUST0041,Retail,USB-C Hub,Electronics,North,4,45.59,17.62,182.36,111.88
1062,2024-01-29,CUST0028,Enterprise,Standing Desk,Furniture,North,1,631.47,300.77,631.47,330.7
1063,2024-01-30,CUST0050,SMB,Laptop Pro,Electronics,West,4,1293.71,809.39,5174.84,1937.28
1064,2024-01-30,CUST0049,SMB,Keyboard,Electronics,East,2,113.64,44.46,227.28,138.36
1065,2024-01-30,CUST0054,Retail,Desk Lamp,Furniture,West,2,66.01,25.45,132.02,81.12
1066,2024-01-30,CUST0035,SMB,Keyboard,Electronics,South,2,100.69,44.56,201.38,112.26
1067,2024-01-31,CUST0017,Enterprise,Pen Set,Stationery,West,5,9.89,3.07,49.45,34.1
1068,2024-01-31,CUST0011,Enterprise,Notebook Pack,Stationery,East,2,13.13,3.99,26.26,18.28
1069,2024-01-31,CUST0028,Enterprise,Laptop Pro,Electronics,South,2,1252.07,818.22,2504.14,867.7
1070,2024-01-31,CUST0054,Retail,USB-C Hub,Electronics,West,1,45.6,17.48,45.6,28.12
1071,2024-02-01,CUST0009,SMB,Headset,Electronics,South,3,129.61,55.84,388.83,221.31
1072,2024-02-02,CUST0020,Enterprise,USB-C Hub,Electronics,North,1,48.1,17.58,48.1,30.52
1073,2024-02-02,CUST0033,SMB,Headset,Electronics,South,3,121.49,55.35,364.47,198.42
1074,2024-02-03,CUST0040,SMB,Whiteboard,Stationery,North,1,82.18,39.55,82.18,42.63
1075,2024-02-04,CUST0010,Enterprise,Desk Lamp,Furniture,East,2,66.82,24.61,133.64,84.42
1076,2024-02-04,CUST0077,Retail,Pen Set,Stationery,South,3,10.24,3.01,30.72,21.69
1077,2024-02-04,CUST0048,SMB,Laptop Pro,Electronics,South,1,1304.43,776.61,1304.43,527.82
1078,2024-02-04,CUST0056,SMB,Desk Lamp,Furniture,South,5,65.17,25.49,325.85,198.4
1079,2024-02-05,CUST0035,SMB,Desk Lamp,Furniture,East,2,67.57,25.41,135.14,84.32
1080,2024-02-05,CUST0076,SMB,Desk Lamp,Furniture,East,1,67.0,25.5,67.0,41.5
1081,2024-02-06,CUST0060,SMB,USB-C Hub,Electronics,South,2,49.34,17.82,98.68,63.04
1082,2024-02-07,CUST0028,Enterprise,Keyboard,Electronics,North,1,103.94,44.41,103.94,59.53
1083,2024-02-07,CUST0072,Retail,Notebook Pack,Stationery,West,1,14.61,3.9,14.61,10.71
1084,2024-02-07,CUST0031,Retail,Pen Set,Stationery,South,2,10.04,3.0,20.08,14.08
1085,2024-02-07,CUST0029,Retail,"Monitor 27""",Electronics,North,2,408.25,222.16,816.5,372.18
1086,2024-02-08,CUST0055,SMB,Notebook Pack,Stationery,South,5,13.88,3.96,69.4,49.6
1087,2024-02-08,CUST0030,SMB,Desk Lamp,Furniture,South,1,61.43,24.43,61.43,37.0
1088,2024-02-08,CUST0024,Enterprise,Notebook Pack,Stationery,East,1,14.22,3.95,14.22,10.27
1089,2024-02-09,CUST0038,SMB,Headset,Electronics,West,1,121.69,53.4,121.69,68.29
1090,2024-02-09,CUST0007,Retail,Notebook Pack,Stationery,North,2,14.15,3.91,28.3,20.48
1091,2024-02-09,CUST0002,Enterprise,Keyboard,Electronics,South,2,106.93,44.84,213.86,124.18
1092,2024-02-10,CUST0062,SMB,Headset,Electronics,North,1,119.78,54.97,119.78,64.81
1093,2024-02-10,CUST0020,Enterprise,Notebook Pack,Stationery,East,1,13.9,3.95,13.9,9.95
1094,2024-02-11,CUST0078,SMB,Wireless Mouse,Electronics,East,2,34.01,12.2,68.02,43.62
1095,2024-02-11,CUST0039,Retail,Standing Desk,Furniture,West,4,680.61,296.5,2722.44,1536.44
1096,2024-02-12,CUST0027,Enterprise,Notebook Pack,Stationery,East,2,13.36,3.9,26.72,18.92
1097,2024-02-13,CUST0001,SMB,Wireless Mouse,Electronics,North,2,34.33,11.98,68.66,44.7
1098,2024-02-13,CUST0037,Retail,Laptop Pro,Electronics,North,3,1271.75,808.99,3815.25,1388.28
1099,2024-02-14,CUST0026,SMB,"Monitor 27""",Electronics,East,2,425.05,221.95,850.1,406.2
1100,2024-02-14,CUST0010,Enterprise,Keyboard,Electronics,East,1,111.51,45.26,111.51,66.25
1101,2024-02-14,CUST0057,Enterprise,"Monitor 27""",Electronics,West,1,433.09,222.64,433.09,210.45
1102,2024-02-15,CUST0011,Enterprise,Notebook Pack,Stationery,South,2,14.5,4.06,29.0,20.88
1103,2024-02-15,CUST0030,SMB,Notebook Pack,Stationery,North,5,14.4,4.02,72.0,51.9
1104,2024-02-15,CUST0035,SMB,Headset,Electronics,West,2,131.48,53.93,262.96,155.1
1105,2024-02-16,CUST0075,SMB,Keyboard,Electronics,North,2,111.82,46.27,223.64,131.1
1106,2024-02-16,CUST0042,Enterprise,Desk Lamp,Furniture,South,2,67.05,24.74,134.1,84.62
1107,2024-02-16,CUST0052,Enterprise,Pen Set,Stationery,North,3,9.92,2.99,29.76,20.79
1108,2024-02-16,CUST0052,Enterprise,Office Chair,Furniture,South,4,409.87,174.61,1639.48,941.04
1109,2024-02-17,CUST0047,Enterprise,Desk Lamp,Furniture,North,2,64.01,24.91,128.02,78.2
1110,2024-02-17,CUST0017,Enterprise,Laptop Pro,Electronics,North,4,1269.06,809.52,5076.24,1838.16
1111,2024-02-17,CUST0078,SMB,Wireless Mouse,Electronics,West,3,34.42,11.86,103.26,67.68
1112,2024-02-17,CUST0029,Retail,Laptop Pro,Electronics,South,5,1349.25,798.15,6746.25,2755.5
1113,2024-02-18,CUST0038,SMB,Pen Set,Stationery,North,2,9.56,3.06,19.12,13.0
1114,2024-02-19,CUST0050,SMB,USB-C Hub,Electronics,East,1,48.9,18.27,48.9,30.63
1115,2024-02-19,CUST0054,Retail,Wireless Mouse,Electronics,North,1,34.76,11.83,34.76,22.93
1116,2024-02-19,CUST0076,SMB,Laptop Pro,Electronics,East,2,1306.52,817.53,2613.04,977.98
1117,2024-02-19,CUST0043,Enterprise,Desk Lamp,Furniture,South,2,64.39,24.93,128.78,78.92
1118,2024-02-20,CUST0031,Retail,Keyboard,Electronics,West,2,103.59,45.74,207.18,115.7
1119,2024-02-20,CUST0049,SMB,Laptop Pro,Electronics,East,1,1307.16,815.4,1307.16,491.76
1120,2024-02-20,CUST0005,Retail,Headset,Electronics,South,1,134.87,54.45,134.87,80.42
1121,2024-02-21,CUST0068,Enterprise,Keyboard,Electronics,South,4,100.5,44.04,402.0,225.84
1122,2024-02-22,CUST0034,Retail,Wireless Mouse,Electronics,East,1,34.34,12.11,34.34,22.23
1123,2024-02-22,CUST0069,SMB,Keyboard,Electronics,West,1,104.77,45.59,104.77,59.18
1124,2024-02-23,CUST0009,SMB,Keyboard,Electronics,North,1,109.98,44.43,109.98,65.55
1125,2024-02-23,CUST0013,Enterprise,USB-C Hub,Electronics,North,3,49.56,17.57,148.68,95.97
1126,2024-02-23,CUST0004,Enterprise,Wireless Mouse,Electronics,North,1,34.8,11.85,34.8,22.95
1127,2024-02-23,CUST0068,Enterprise,Standing Desk,Furniture,North,2,654.6,294.24,1309.2,720.72
1128,2024-02-24,CUST0080,Enterprise,Wireless Mouse,Electronics,West,2,33.48,12.06,66.96,42.84
1129,2024-02-24,CUST0059,Enterprise,USB-C Hub,Electronics,East,1,45.14,18.33,45.14,26.81
1130,2024-02-25,CUST0057,Enterprise,Pen Set,Stationery,North,4,10.48,2.96,41.92,30.08
1131,2024-02-25,CUST0059,Enterprise,Headset,Electronics,East,3,122.02,54.62,366.06,202.2
1132,2024-02-25,CUST0074,SMB,Notebook Pack,Stationery,North,1,13.42,4.05,13.42,9.37
1133,2024-02-26,CUST0036,SMB,Headset,Electronics,East,1,133.19,55.92,133.19,77.27
1134,2024-02-27,CUST0037,Retail,Keyboard,Electronics,East,3,103.54,45.82,310.62,173.16
1135,2024-02-28,CUST0018,SMB,Pen Set,Stationery,East,2,10.37,3.03,20.74,14.68
1136,2024-02-28,CUST0075,SMB,Office Chair,Furniture,South,1,373.9,184.42,373.9,189.48
1137,2024-02-29,CUST0017,Enterprise,Whiteboard,Stationery,North,3,92.02,39.68,276.06,157.02
1138,2024-02-29,CUST0022,SMB,Notebook Pack,Stationery,North,1,14.38,4.0,14.38,10.38
1139,2024-02-29,CUST0044,SMB,"Monitor 27""",Electronics,East,3,420.8,214.39,1262.4,619.23
1140,2024-03-01,CUST0051,SMB,Keyboard,Electronics,East,5,111.68,44.64,558.4,335.2
1141,2024-03-01,CUST0069,SMB,"Monitor 27""",Electronics,North,1,415.24,223.29,415.24,191.95
1142,2024-03-02,CUST0048,SMB,Notebook Pack,Stationery,East,1,13.31,3.89,13.31,9.42
1143,2024-03-02,CUST0079,SMB,Keyboard,Electronics,East,1,101.18,45.87,101.18,55.31
1144,2024-03-02,CUST0053,SMB,Keyboard,Electronics,South,1,100.92,43.75,100.92,57.17
1145,2024-03-03,CUST0069,SMB,Wireless Mouse,Electronics,North,1,33.29,12.12,33.29,21.17
1146,2024-03-03,CUST0054,Retail,Whiteboard,Stationery,West,2,90.29,40.92,180.58,98.74
1147,2024-03-03,CUST0079,SMB,Pen Set,Stationery,West,2,10.44,2.92,20.88,15.04
1148,2024-03-03,CUST0031,Retail,Standing Desk,Furniture,South,4,605.46,303.34,2421.84,1208.48
1149,2024-03-04,CUST0016,SMB,Laptop Pro,Electronics,North,4,1334.26,780.4,5337.04,2215.44
1150,2024-03-04,CUST0003,SMB,USB-C Hub,Electronics,East,1,47.2,18.53,47.2,28.67
1151,2024-03-04,CUST0071,Enterprise,"Monitor 27""",Electronics,North,1,406.72,224.88,406.72,181.84
1152,2024-03-05,CUST0077,Retail,Whiteboard,Stationery,East,1,91.81,39.15,91.81,52.66
1153,2024-03-05,CUST0023,SMB,Wireless Mouse,Electronics,North,1,35.11,11.73,35.11,23.38
1154,2024-03-05,CUST0076,SMB,Standing Desk,Furniture,East,1,611.78,291.94,611.78,319.84
1155,2024-03-06,CUST0061,Retail,Notebook Pack,Stationery,East,2,13.54,4.02,27.08,19.04
1156,2024-03-06,CUST0079,SMB,Desk Lamp,Furniture,North,1,66.42,25.55,66.42,40.87
1157,2024-03-06,CUST0004,Enterprise,Notebook Pack,Stationery,South,1,13.75,3.98,13.75,9.77
1158,2024-03-06,CUST0057,Enterprise,Pen Set,Stationery,South,1,9.31,3.02,9.31,6.29
1159,2024-03-07,CUST0075,SMB,Wireless Mouse,Electronics,East,2,32.72,12.36,65.44,40.72
1160,2024-03-08,CUST0013,Enterprise,Desk Lamp,Furniture,East,3,60.77,25.23,182.31,106.62
1161,2024-03-08,CUST0028,Enterprise,Keyboard,Electronics,East,2,112.86,44.77,225.72,136.18
1162,2024-03-08,CUST0013,Enterprise,"Monitor 27""",Electronics,South,1,412.11,216.76,412.11,195.35
1163,2024-03-09,CUST0012,SMB,Pen Set,Stationery,South,3,9.32,2.93,27.96,19.17
1164,2024-03-09,CUST0072,Retail,Whiteboard,Stationery,East,1,92.95,40.15,92.95,52.8
1165,2024-03-10,CUST0055,SMB,Desk Lamp,Furniture,West,4,65.89,25.7,263.56,160.76
1166,2024-03-11,CUST0028,Enterprise,Office Chair,Furniture,East,1,392.09,183.75,392.09,208.34
1167,2024-03-11,CUST0015,SMB,Office Chair,Furniture,East,3,396.86,183.32,1190.58,640.62
1168,2024-03-11,CUST0080,Enterprise,"Monitor 27""",Electronics,West,2,430.52,213.75,861.04,433.54
1169,2024-03-12,CUST0040,SMB,Laptop Pro,Electronics,North,4,1254.36,784.71,5017.44,1878.6
1170,2024-03-12,CUST0009,SMB,Wireless Mouse,Electronics,East,1,34.08,11.66,34.08,22.42
1171,2024-03-12,CUST0054,Retail,Whiteboard,Stationery,North,2,83.7,39.55,167.4,88.3
1172,2024-03-13,CUST0011,Enterprise,Whiteboard,Stationery,East,4,83.68,40.61,334.72,172.28
1173,2024-03-13,CUST0057,Enterprise,Laptop Pro,Electronics,North,2,1277.09,797.22,2554.18,959.74
1174,2024-03-13,CUST0015,SMB,USB-C Hub,Electronics,East,1,45.79,18.19,45.79,27.6
1175,2024-03-14,CUST0029,Retail,Notebook Pack,Stationery,South,1,13.97,3.88,13.97,10.09
1176,2024-03-14,CUST0018,SMB,Office Chair,Furniture,North,3,382.09,175.9,1146.27,618.57
1177,2024-03-14,CUST0017,Enterprise,Notebook Pack,Stationery,South,1,14.16,4.0,14.16,10.16
1178,2024-03-14,CUST0010,Enterprise,"Monitor 27""",Electronics,East,1,436.06,219.16,436.06,216.9
1179,2024-03-15,CUST0074,SMB,Keyboard,Electronics,West,2,106.01,45.38,212.02,121.26
1180,2024-03-15,CUST0042,Enterprise,USB-C Hub,Electronics,South,1,51.12,17.96,51.12,33.16
1181,2024-03-15,CUST0056,SMB,Pen Set,Stationery,South,3,9.52,3.02,28.56,19.5
1182,2024-03-15,CUST0040,SMB,Notebook Pack,Stationery,South,3,13.28,4.07,39.84,27.63
1183,2024-03-16,CUST0066,Retail,Notebook Pack,Stationery,North,1,14.29,3.96,14.29,10.33
1184,2024-03-17,CUST0026,SMB,USB-C Hub,Electronics,North,1,46.05,18.28,46.05,27.77
1185,2024-03-17,CUST0064,SMB,Wireless Mouse,Electronics,West,2,33.77,12.06,67.54,43.42
1186,2024-03-18,CUST0020,Enterprise,Keyboard,Electronics,East,2,106.92,45.35,213.84,123.14
1187,2024-03-18,CUST0046,Enterprise,"Monitor 27""",Electronics,East,2,411.99,219.37,823.98,385.24
1188,2024-03-18,CUST0010,Enterprise,Laptop Pro,Electronics,West,2,1360.13,780.33,2720.26,1159.6
1189,2024-03-19,CUST0006,SMB,Desk Lamp,Furniture,East,2,66.64,25.23,133.28,82.82
1190,2024-03-19,CUST0020,Enterprise,Office Chair,Furniture,South,5,390.45,183.36,1952.25,1035.45
1191,2024-03-19,CUST0011,Enterprise,"Monitor 27""",Electronics,West,2,404.3,216.67,808.6,375.26
1192,2024-03-19,CUST0067,Enterprise,Desk Lamp,Furniture,South,2,62.87,25.63,125.74,74.48
1193,2024-03-20,CUST0077,Retail,Desk Lamp,Furniture,South,1,65.13,24.75,65.13,40.38
1194,2024-03-20,CUST0050,SMB,Office Chair,Furniture,East,1,404.62,181.69,404.62,222.93
1195,2024-03-20,CUST0043,Enterprise,Keyboard,Electronics,West,1,109.68,46.13,109.68,63.55
1196,2024-03-20,CUST0051,SMB,Office Chair,Furniture,East,1,403.85,175.51,403.85,228.34
1197,2024-03-21,CUST0017,Enterprise,Pen Set,Stationery,South,2,10.28,3.04,20.56,14.48
1198,2024-03-21,CUST0055,SMB,Pen Set,Stationery,South,2,9.22,2.97,18.44,12.5
1199,2024-03-21,CUST0063,SMB,Headset,Electronics,South,1,135.45,53.86,135.45,81.59
1200,2024-03-21,CUST0065,Retail,USB-C Hub,Electronics,East,3,50.4,18.41,151.2,95.97
1201,2024-03-22,CUST0080,Enterprise,Pen Set,Stationery,West,1,9.69,2.94,9.69,6.75
1202,2024-03-23,CUST0047,Enterprise,Pen Set,Stationery,North,2,9.51,2.99,19.02,13.04
1203,2024-03-23,CUST0058,Retail,USB-C Hub,Electronics,East,1,46.6,18.5,46.6,28.1
1204,2024-03-24,CUST0074,SMB,Keyboard,Electronics,North,5,106.82,44.41,534.1,312.05
1205,2024-03-24,CUST0021,Retail,Standing Desk,Furniture,South,3,664.68,293.49,1994.04,1113.57
1206,2024-03-24,CUST0048,SMB,USB-C Hub,Electronics,East,2,45.73,18.37,91.46,54.72
1207,2024-03-24,CUST0021,Retail,Keyboard,Electronics,North,1,113.11,44.05,113.11,69.06
1208,2024-03-25,CUST0058,Retail,Wireless Mouse,Electronics,West,4,35.39,11.94,141.56,93.8
1209,2024-03-25,CUST0050,SMB,Desk Lamp,Furniture,South,5,62.97,24.29,314.85,193.4
1210,2024-03-25,CUST0043,Enterprise,Headset,Electronics,West,3,120.99,54.3,362.97,200.07
1211,2024-03-25,CUST0018,SMB,"Monitor 27""",Electronics,East,3,420.84,221.52,1262.52,597.96
1212,2024-03-26,CUST0020,Enterprise,Laptop Pro,Electronics,North,2,1317.89,801.33,2635.78,1033.12
1213,2024-03-27,CUST0016,SMB,Whiteboard,Stationery,North,1,86.74,40.71,86.74,46.03
1214,2024-03-28,CUST0064,SMB,Laptop Pro,Electronics,West,2,1197.86,800.74,2395.72,794.24
1215,2024-03-28,CUST0055,SMB,USB-C Hub,Electronics,North,1,47.33,18.08,47.33,29.25
1216,2024-03-28,CUST0068,Enterprise,Wireless Mouse,Electronics,East,5,31.58,12.02,157.9,97.8
1217,2024-03-28,CUST0071,Enterprise,Notebook Pack,Stationery,West,1,14.47,3.89,14.47,10.58
1218,2024-03-29,CUST0003,SMB,Headset,Electronics,North,1,119.81,54.15,119.81,65.66
1219,2024-03-29,CUST0075,SMB,Pen Set,Stationery,North,3,9.63,2.92,28.89,20.13
1220,2024-03-29,CUST0023,SMB,Notebook Pack,Stationery,East,3,14.13,4.12,42.39,30.03
1221,2024-03-29,CUST0018,SMB,Notebook Pack,Stationery,North,1,14.29,3.99,14.29,10.3
1222,2024-03-30,CUST0006,SMB,USB-C Hub,Electronics,East,1,47.06,17.89,47.06,29.17
1223,2024-03-30,CUST0005,Retail,"Monitor 27""",Electronics,South,3,405.34,218.11,1216.02,561.69
1224,2024-03-30,CUST0043,Enterprise,Whiteboard,Stationery,West,1,91.13,39.85,91.13,51.28
1225,2024-03-31,CUST0050,SMB,Whiteboard,Stationery,West,1,84.04,40.46,84.04,43.58
1226,2024-03-31,CUST0035,SMB,Standing Desk,Furniture,East,3,658.42,292.42,1975.26,1098.0
1227,2024-03-31,CUST0070,SMB,Notebook Pack,Stationery,East,1,13.07,3.96,13.07,9.11
1228,2024-03-31,CUST0055,SMB,USB-C Hub,Electronics,South,1,47.91,17.94,47.91,29.97
1229,2024-04-01,CUST0008,Enterprise,Pen Set,Stationery,South,1,10.03,2.98,10.03,7.05
1230,2024-04-01,CUST0004,Enterprise,"Monitor 27""",Electronics,East,1,428.56,223.71,428.56,204.85
1231,2024-04-01,CUST0047,Enterprise,Laptop Pro,Electronics,North,1,1355.42,777.55,1355.42,577.87
1232,2024-04-02,CUST0048,SMB,Pen Set,Stationery,West,2,9.3,2.93,18.6,12.74
1233,2024-04-02,CUST0036,SMB,Standing Desk,Furniture,South,1,606.65,304.24,606.65,302.41
1234,2024-04-03,CUST0016,SMB,Notebook Pack,Stationery,West,1,13.35,3.99,13.35,9.36
1235,2024-04-03,CUST0063,SMB,Headset,Electronics,North,1,120.96,53.59,120.96,67.37
1236,2024-04-03,CUST0012,SMB,Wireless Mouse,Electronics,East,3,35.56,12.35,106.68,69.63
1237,2024-04-03,CUST0071,Enterprise,Pen Set,Stationery,East,2,10.36,3.06,20.72,14.6
1238,2024-04-04,CUST0016,SMB,"Monitor 27""",Electronics,South,5,438.85,216.52,2194.25,1111.65
1239,2024-04-04,CUST0074,SMB,Notebook Pack,Stationery,South,1,14.34,4.01,14.34,10.33
1240,2024-04-05,CUST0062,SMB,Laptop Pro,Electronics,South,2,1324.97,815.52,2649.94,1018.9
1241,2024-04-06,CUST0010,Enterprise,Wireless Mouse,Electronics,South,2,34.29,11.89,68.58,44.8
1242,2024-04-07,CUST0065,Retail,Whiteboard,Stationery,North,4,82.52,39.1,330.08,173.68
1243,2024-04-07,CUST0042,Enterprise,Wireless Mouse,Electronics,North,4,32.28,12.32,129.12,79.84
1244,2024-04-08,CUST0071,Enterprise,"Monitor 27""",Electronics,North,1,429.54,221.51,429.54,208.03
1245,2024-04-08,CUST0076,SMB,Wireless Mouse,Electronics,East,4,31.96,12.11,127.84,79.4
1246,2024-04-08,CUST0073,Retail,Pen Set,Stationery,East,1,10.32,2.92,10.32,7.4
1247,2024-04-09,CUST0054,Retail,Pen Set,Stationery,East,2,9.24,3.07,18.48,12.34
1248,2024-04-09,CUST0039,Retail,Notebook Pack,Stationery,East,2,14.34,4.04,28.68,20.6
1249,2024-04-09,CUST0008,Enterprise,USB-C Hub,Electronics,North,1,47.73,17.96,47.73,29.77
1250,2024-04-10,CUST0041,Retail,Notebook Pack,Stationery,South,3,14.45,4.11,43.35,31.02
1251,2024-04-10,CUST0072,Retail,Wireless Mouse,Electronics,South,1,32.35,11.73,32.35,20.62
1252,2024-04-10,CUST0007,Retail,Desk Lamp,Furniture,North,1,63.05,25.17,63.05,37.88
1253,2024-04-11,CUST0042,Enterprise,Headset,Electronics,West,4,130.77,53.98,523.08,307.16
1254,2024-04-11,CUST0060,SMB,Wireless Mouse,Electronics,West,2,32.64,11.66,65.28,41.96
1255,2024-04-12,CUST0028,Enterprise,Notebook Pack,Stationery,West,2,12.97,3.95,25.94,18.04
1256,2024-04-12,CUST0061,Retail,Notebook Pack,Stationery,West,1,12.89,3.91,12.89,8.98
1257,2024-04-12,CUST0047,Enterprise,Wireless Mouse,Electronics,North,3,32.9,11.93,98.7,62.91
1258,2024-04-12,CUST0071,Enterprise,Notebook Pack,Stationery,North,1,13.58,3.99,13.58,9.59
1259,2024-04-13,CUST0079,SMB,"Monitor 27""",Electronics,East,1,449.06,218.6,449.06,230.46
1260,2024-04-13,CUST0047,Enterprise,"Monitor 27""",Electronics,South,3,405.78,220.12,1217.34,556.98
1261,2024-04-13,CUST0018,SMB,Notebook Pack,Stationery,North,3,14.34,4.0,43.02,31.02
1262,2024-04-14,CUST0042,Enterprise,Notebook Pack,Stationery,South,4,13.46,3.97,53.84,37.96
1263,2024-04-14,CUST0076,SMB,Pen Set,Stationery,West,1,10.28,3.01,10.28,7.27
1264,2024-04-15,CUST0043,Enterprise,Notebook Pack,Stationery,North,2,14.66,4.02,29.32,21.28
1265,2024-04-15,CUST0004,Enterprise,"Monitor 27""",Electronics,East,2,409.49,222.05,818.98,374.88
1266,2024-04-15,CUST0030,SMB,Headset,Electronics,East,3,128.47,53.91,385.41,223.68
1267,2024-04-16,CUST0005,Retail,Wireless Mouse,Electronics,East,2,34.38,11.78,68.76,45.2
1268,2024-04-16,CUST0053,SMB,Desk Lamp,Furniture,South,2,63.27,25.41,126.54,75.72
1269,2024-04-16,CUST0008,Enterprise,Keyboard,Electronics,West,3,107.63,45.16,322.89,187.41
1270,2024-04-16,CUST0049,SMB,Headset,Electronics,South,1,121.58,56.36,121.58,65.22
1271,2024-04-17,CUST0034,Retail,Notebook Pack,Stationery,East,2,13.23,3.94,26.46,18.58
1272,2024-04-17,CUST0039,Retail,Notebook Pack,Stationery,North,3,14.16,4.05,42.48,30.33
1273,2024-04-17,CUST0072,Retail,Notebook Pack,Stationery,South,4,14.33,3.95,57.32,41.52
1274,2024-04-18,CUST0051,SMB,Notebook Pack,Stationery,South,3,14.62,4.07,43.86,31.65
1275,2024-04-19,CUST0011,Enterprise,Laptop Pro,Electronics,West,1,1269.78,788.31,1269.78,481.47
1276,2024-04-19,CUST0069,SMB,Notebook Pack,Stationery,North,1,13.9,3.95,13.9,9.95
1277,2024-04-19,CUST0031,Retail,Wireless Mouse,Electronics,East,1,34.24,12.02,34.24,22.22
1278,2024-04-20,CUST0061,Retail,Laptop Pro,Electronics,South,1,1325.24,776.25,1325.24,548.99
1279,2024-04-20,CUST0053,SMB,Notebook Pack,Stationery,West,2,14.48,3.99,28.96,20.98
1280,2024-04-21,CUST0037,Retail,Whiteboard,Stationery,North,2,92.38,39.01,184.76,106.74
1281,2024-04-21,CUST0005,Retail,Notebook Pack,Stationery,South,4,13.2,4.09,52.8,36.44
1282,2024-04-22,CUST0051,SMB,Headset,Electronics,North,3,121.8,55.82,365.4,197.94
1283,2024-04-22,CUST0005,Retail,Keyboard,Electronics,North,1,108.33,43.94,108.33,64.39
1284,2024-04-23,CUST0070,SMB,USB-C Hub,Electronics,West,2,50.74,17.6,101.48,66.28
1285,2024-04-23,CUST0015,SMB,Notebook Pack,Stationery,North,1,14.21,4.04,14.21,10.17
1286,2024-04-23,CUST0044,SMB,Pen Set,Stationery,North,3,9.94,3.05,29.82,20.67
1287,2024-04-24,CUST0052,Enterprise,Notebook Pack,Stationery,East,3,13.82,3.9,41.46,29.76
1288,2024-04-24,CUST0018,SMB,Pen Set,Stationery,North,2,10.42,2.91,20.84,15.02
1289,2024-04-25,CUST0043,Enterprise,USB-C Hub,Electronics,East,1,49.68,17.47,49.68,32.21
1290,2024-04-25,CUST0008,Enterprise,Pen Set,Stationery,East,2,9.81,2.94,19.62,13.74
1291,2024-04-25,CUST0040,SMB,Pen Set,Stationery,West,2,10.03,3.08,20.06,13.9
1292,2024-04-25,CUST0018,SMB,Standing Desk,Furniture,North,2,635.47,308.8,1270.94,653.34
1293,2024-04-26,CUST0061,Retail,Desk Lamp,Furniture,South,3,66.58,25.49,199.74,123.27
1294,2024-04-26,CUST0077,Retail,Whiteboard,Stationery,East,4,82.83,39.87,331.32,171.84
1295,2024-04-26,CUST0073,Retail,Pen Set,Stationery,North,1,10.28,3.07,10.28,7.21
1296,2024-04-27,CUST0042,Enterprise,Notebook Pack,Stationery,North,4,13.68,4.04,54.72,38.56
1297,2024-04-27,CUST0066,Retail,Pen Set,Stationery,South,2,9.27,2.93,18.54,12.68
1298,2024-04-28,CUST0060,SMB,Desk Lamp,Furniture,North,2,62.4,24.28,124.8,76.24
1299,2024-04-28,CUST0028,Enterprise,USB-C Hub,Electronics,North,2,45.37,17.83,90.74,55.08
1300,2024-04-28,CUST0009,SMB,Laptop Pro,Electronics,West,5,1274.8,789.78,6374.0,2425.1
1301,2024-04-28,CUST0054,Retail,Wireless Mouse,Electronics,North,1,35.22,11.96,35.22,23.26
1302,2024-04-29,CUST0070,SMB,Standing Desk,Furniture,East,1,669.66,293.14,669.66,376.52
1303,2024-04-29,CUST0017,Enterprise,Headset,Electronics,South,3,122.41,53.36,367.23,207.15
1304,2024-04-29,CUST0070,SMB,Laptop Pro,Electronics,North,2,1259.13,787.02,2518.26,944.22
1305,2024-04-29,CUST0025,Retail,Desk Lamp,Furniture,North,4,65.93,24.42,263.72,166.04
1306,2024-04-30,CUST0003,SMB,Pen Set,Stationery,West,1,9.29,3.02,9.29,6.27
1307,2024-04-30,CUST0007,Retail,Desk Lamp,Furniture,East,1,60.17,24.91,60.17,35.26
1308,2024-04-30,CUST0008,Enterprise,Notebook Pack,Stationery,East,1,14.69,3.94,14.69,10.75
1309,2024-04-30,CUST0074,SMB,Keyboard,Electronics,East,2,109.81,44.52,219.62,130.58
1310,2024-05-01,CUST0067,Enterprise,Keyboard,Electronics,West,1,104.54,43.81,104.54,60.73
1311,2024-05-01,CUST0023,SMB,Headset,Electronics,West,2,125.84,54.99,251.68,141.7
1312,2024-05-01,CUST0049,SMB,Headset,Electronics,West,3,124.03,54.72,372.09,207.93
1313,2024-05-02,CUST0069,SMB,Office Chair,Furniture,North,2,411.14,177.85,822.28,466.58
1314,2024-05-02,CUST0008,Enterprise,Pen Set,Stationery,East,2,10.46,3.01,20.92,14.9
1315,2024-05-03,CUST0043,Enterprise,Standing Desk,Furniture,North,2,674.89,306.25,1349.78,737.28
1316,2024-05-03,CUST0025,Retail,Wireless Mouse,Electronics,East,1,32.95,12.08,32.95,20.87
1317,2024-05-04,CUST0076,SMB,Keyboard,Electronics,North,3,108.2,44.94,324.6,189.78
1318,2024-05-05,CUST0028,Enterprise,Office Chair,Furniture,West,4,416.98,175.87,1667.92,964.44
1319,2024-05-05,CUST0032,Retail,Headset,Electronics,South,2,130.48,54.66,260.96,151.64
1320,2024-05-05,CUST0037,Retail,USB-C Hub,Electronics,South,1,48.48,17.85,48.48,30.63
1321,2024-05-06,CUST0060,SMB,Standing Desk,Furniture,West,1,679.87,299.45,679.87,380.42
1322,2024-05-06,CUST0048,SMB,"Monitor 27""",Electronics,West,1,397.23,224.81,397.23,172.42
1323,2024-05-06,CUST0071,Enterprise,Whiteboard,Stationery,North,4,88.58,39.8,354.32,195.12
1324,2024-05-07,CUST0073,Retail,USB-C Hub,Electronics,North,3,48.26,18.17,144.78,90.27
1325,2024-05-07,CUST0063,SMB,Pen Set,Stationery,North,5,10.03,3.0,50.15,35.15
1326,2024-05-08,CUST0018,SMB,Pen Set,Stationery,South,3,9.83,3.08,29.49,20.25
1327,2024-05-08,CUST0008,Enterprise,Notebook Pack,Stationery,East,2,14.41,3.9,28.82,21.02
1328,2024-05-09,CUST0030,SMB,Whiteboard,Stationery,South,1,83.63,39.32,83.63,44.31
1329,2024-05-10,CUST0079,SMB,Standing Desk,Furniture,East,4,652.7,291.28,2610.8,1445.68
1330,2024-05-10,CUST0003,SMB,Notebook Pack,Stationery,South,2,13.38,4.11,26.76,18.54
1331,2024-05-10,CUST0056,SMB,Laptop Pro,Electronics,East,3,1348.71,781.14,4046.13,1702.71
1332,2024-05-10,CUST0025,Retail,Wireless Mouse,Electronics,North,2,32.4,11.9,64.8,41.0
1333,2024-05-11,CUST0059,Enterprise,Wireless Mouse,Electronics,West,2,35.66,11.8,71.32,47.72
1334,2024-05-11,CUST0005,Retail,Pen Set,Stationery,West,1,9.69,3.01,9.69,6.68
1335,2024-05-11,CUST0022,SMB,Laptop Pro,Electronics,North,1,1337.83,806.96,1337.83,530.87
1336,2024-05-11,CUST0013,Enterprise,Office Chair,Furniture,West,4,414.76,177.08,1659.04,950.72
1337,2024-05-12,CUST0036,SMB,USB-C Hub,Electronics,West,4,48.67,17.5,194.68,124.68
1338,2024-05-12,CUST0027,Enterprise,Keyboard,Electronics,South,2,110.94,45.57,221.88,130.74
1339,2024-05-12,CUST0021,Retail,Desk Lamp,Furniture,North,2,64.59,25.52,129.18,78.14
1340,2024-05-12,CUST0050,SMB,Pen Set,Stationery,South,3,9.38,3.09,28.14,18.87
1341,2024-05-13,CUST0007,Retail,Notebook Pack,Stationery,West,1,13.3,3.9,13.3,9.4
1342,2024-05-14,CUST0035,SMB,Headset,Electronics,South,3,126.24,54.1,378.72,216.42
1343,2024-05-14,CUST0024,Enterprise,Notebook Pack,Stationery,South,2,14.08,3.9,28.16,20.36
1344,2024-05-14,CUST0010,Enterprise,Pen Set,Stationery,East,1,9.4,3.04,9.4,6.36
1345,2024-05-14,CUST0041,Retail,Pen Set,Stationery,East,1,9.32,3.08,9.32,6.24
1346,2024-05-15,CUST0017,Enterprise,Standing Desk,Furniture,North,1,633.44,301.03,633.44,332.41
1347,2024-05-15,CUST0012,SMB,Notebook Pack,Stationery,North,1,13.05,4.02,13.05,9.03
1348,2024-05-15,CUST0038,SMB,Office Chair,Furniture,South,2,407.5,182.43,815.0,450.14
1349,2024-05-15,CUST0032,Retail,Notebook Pack,Stationery,West,2,13.19,3.97,26.38,18.44
1350,2024-05-16,CUST0019,Retail,USB-C Hub,Electronics,North,1,47.85,17.91,47.85,29.94
1351,2024-05-16,CUST0033,SMB,Notebook Pack,Stationery,North,4,14.19,4.0,56.76,40.76
1352,2024-05-17,CUST0001,SMB,Desk Lamp,Furniture,North,4,62.61,25.18,250.44,149.72
1353,2024-05-17,CUST0043,Enterprise,"Monitor 27""",Electronics,South,2,440.61,221.99,881.22,437.24
1354,2024-05-18,CUST0026,SMB,Office Chair,Furniture,East,2,376.29,178.9,752.58,394.78
1355,2024-05-18,CUST0063,SMB,Office Chair,Furniture,East,5,407.64,178.12,2038.2,1147.6
1356,2024-05-19,CUST0015,SMB,"Monitor 27""",Electronics,South,4,405.82,226.56,1623.28,717.04
1357,2024-05-19,CUST0004,Enterprise,Wireless Mouse,Electronics,East,5,33.32,12.15,166.6,105.85
1358,2024-05-19,CUST0009,SMB,Desk Lamp,Furniture,North,3,66.52,24.86,199.56,124.98
1359,2024-05-20,CUST0033,SMB,Wireless Mouse,Electronics,South,2,34.44,12.21,68.88,44.46
1360,2024-05-20,CUST0062,SMB,Wireless Mouse,Electronics,West,2,33.64,12.3,67.28,42.68
1361,2024-05-20,CUST0005,Retail,Keyboard,Electronics,South,3,105.37,46.07,316.11,177.9
1362,2024-05-20,CUST0011,Enterprise,Notebook Pack,Stationery,East,1,13.33,4.04,13.33,9.29
1363,2024-05-21,CUST0052,Enterprise,Pen Set,Stationery,North,5,9.63,3.05,48.15,32.9
1364,2024-05-21,CUST0029,Retail,Wireless Mouse,Electronics,North,2,33.57,12.06,67.14,43.02
1365,2024-05-22,CUST0076,SMB,Desk Lamp,Furniture,South,2,61.07,25.75,122.14,70.64
1366,2024-05-22,CUST0011,Enterprise,Notebook Pack,Stationery,North,1,14.59,3.91,14.59,10.68
1367,2024-05-23,CUST0067,Enterprise,Office Chair,Furniture,East,2,391.78,179.33,783.56,424.9
1368,2024-05-23,CUST0039,Retail,Pen Set,Stationery,South,1,10.12,2.91,10.12,7.21
1369,2024-05-23,CUST0022,SMB,Office Chair,Furniture,North,4,405.49,180.17,1621.96,901.28
1370,2024-05-24,CUST0060,SMB,Office Chair,Furniture,South,1,388.09,176.59,388.09,211.5
1371,2024-05-24,CUST0004,Enterprise,Pen Set,Stationery,South,3,10.35,2.99,31.05,22.08
1372,2024-05-25,CUST0027,Enterprise,Standing Desk,Furniture,East,1,656.46,305.33,656.46,351.13
1373,2024-05-25,CUST0069,SMB,Notebook Pack,Stationery,East,1,13.47,3.99,13.47,9.48
1374,2024-05-25,CUST0068,Enterprise,USB-C Hub,Electronics,West,5,47.08,17.88,235.4,146.0
1375,2024-05-25,CUST0046,Enterprise,Desk Lamp,Furniture,North,3,65.02,25.47,195.06,118.65
1376,2024-05-26,CUST0018,SMB,Keyboard,Electronics,East,1,103.66,43.97,103.66,59.69
1377,2024-05-26,CUST0050,SMB,Standing Desk,Furniture,North,2,608.71,297.91,1217.42,621.6
1378,2024-05-26,CUST0023,SMB,Wireless Mouse,Electronics,East,2,33.44,11.74,66.88,43.4
1379,2024-05-27,CUST0046,Enterprise,"Monitor 27""",Electronics,East,5,421.71,215.98,2108.55,1028.65
1380,2024-05-27,CUST0064,SMB,Standing Desk,Furniture,East,2,638.57,303.78,1277.14,669.58
1381,2024-05-27,CUST0073,Retail,Desk Lamp,Furniture,North,1,66.23,24.69,66.23,41.54
1382,2024-05-28,CUST0059,Enterprise,USB-C Hub,Electronics,North,2,50.0,17.99,100.0,64.02
1383,2024-05-28,CUST0035,SMB,Notebook Pack,Stationery,East,3,14.38,3.97,43.14,31.23
1384,2024-05-28,CUST0057,Enterprise,"Monitor 27""",Electronics,North,2,449.88,214.75,899.76,470.26
1385,2024-05-29,CUST0058,Retail,USB-C Hub,Electronics,West,1,50.57,17.55,50.57,33.02
1386,2024-05-29,CUST0031,Retail,Keyboard,Electronics,North,1,110.73,45.51,110.73,65.22
1387,2024-05-30,CUST0027,Enterprise,Wireless Mouse,Electronics,North,3,34.84,12.05,104.52,68.37
1388,2024-05-30,CUST0022,SMB,Notebook Pack,Stationery,East,1,14.16,3.95,14.16,10.21
1389,2024-05-30,CUST0013,Enterprise,USB-C Hub,Electronics,West,1,49.86,17.9,49.86,31.96
1390,2024-05-30,CUST0017,Enterprise,Laptop Pro,Electronics,North,3,1217.49,783.02,3652.47,1303.41
1391,2024-05-31,CUST0051,SMB,"Monitor 27""",Electronics,East,2,426.88,216.95,853.76,419.86
1392,2024-05-31,CUST0012,SMB,Desk Lamp,Furniture,South,2,66.14,25.29,132.28,81.7
1393,2024-05-31,CUST0063,SMB,Keyboard,Electronics,South,1,100.32,45.74,100.32,54.58
1394,2024-06-01,CUST0046,Enterprise,Pen Set,Stationery,South,4,10.23,2.98,40.92,29.0
1395,2024-06-02,CUST0042,Enterprise,"Monitor 27""",Electronics,South,3,413.52,221.03,1240.56,577.47
1396,2024-06-02,CUST0044,SMB,Notebook Pack,Stationery,South,4,14.27,3.89,57.08,41.52
1397,2024-06-02,CUST0003,SMB,Pen Set,Stationery,West,1,10.31,2.99,10.31,7.32
1398,2024-06-02,CUST0026,SMB,Laptop Pro,Electronics,West,5,1348.65,818.34,6743.25,2651.55
1399,2024-06-03,CUST0036,SMB,Wireless Mouse,Electronics,West,1,32.87,11.7,32.87,21.17
1400,2024-06-03,CUST0007,Retail,Pen Set,Stationery,East,1,9.6,3.04,9.6,6.56
1401,2024-06-03,CUST0013,Enterprise,USB-C Hub,Electronics,East,1,48.12,17.6,48.12,30.52
1402,2024-06-04,CUST0002,Enterprise,Notebook Pack,Stationery,South,2,14.37,4.12,28.74,20.5
1403,2024-06-04,CUST0010,Enterprise,Desk Lamp,Furniture,North,1,60.55,25.46,60.55,35.09
1404,2024-06-05,CUST0018,SMB,Office Chair,Furniture,West,1,409.27,184.04,409.27,225.23
1405,2024-06-06,CUST0079,SMB,Laptop Pro,Electronics,East,2,1269.4,810.68,2538.8,917.44
1406,2024-06-06,CUST0053,SMB,Pen Set,Stationery,North,2,9.78,2.95,19.56,13.66
1407,2024-06-07,CUST0050,SMB,Wireless Mouse,Electronics,North,1,33.18,12.21,33.18,20.97
1408,2024-06-08,CUST0071,Enterprise,USB-C Hub,Electronics,North,2,49.67,17.77,99.34,63.8
1409,2024-06-08,CUST0039,Retail,Headset,Electronics,North,1,128.86,53.97,128.86,74.89
1410,2024-06-09,CUST0031,Retail,USB-C Hub,Electronics,North,2,45.8,18.0,91.6,55.6
1411,2024-06-09,CUST0002,Enterprise,Notebook Pack,Stationery,South,5,14.58,3.91,72.9,53.35
1412,2024-06-09,CUST0047,Enterprise,Keyboard,Electronics,East,2,102.73,44.92,205.46,115.62
1413,2024-06-09,CUST0076,SMB,Headset,Electronics,North,1,123.08,53.48,123.08,69.6
1414,2024-06-10,CUST0037,Retail,Headset,Electronics,South,2,127.08,54.72,254.16,144.72
1415,2024-06-11,CUST0079,SMB,Wireless Mouse,Electronics,South,1,31.65,11.7,31.65,19.95
1416,2024-06-11,CUST0020,Enterprise,Keyboard,Electronics,West,2,105.82,45.36,211.64,120.92
1417,2024-06-11,CUST0009,SMB,"Monitor 27""",Electronics,East,1,419.08,225.99,419.08,193.09
1418,2024-06-11,CUST0056,SMB,USB-C Hub,Electronics,North,1,48.98,17.52,48.98,31.46
1419,2024-06-12,CUST0002,Enterprise,Wireless Mouse,Electronics,East,1,35.49,12.02,35.49,23.47
1420,2024-06-12,CUST0022,SMB,Whiteboard,Stationery,East,1,90.55,40.9,90.55,49.65
1421,2024-06-13,CUST0055,SMB,Whiteboard,Stationery,North,1,82.62,40.51,82.62,42.11
1422,2024-06-14,CUST0008,Enterprise,Notebook Pack,Stationery,South,2,13.91,3.97,27.82,19.88
1423,2024-06-15,CUST0015,SMB,Whiteboard,Stationery,West,1,87.77,38.91,87.77,48.86
1424,2024-06-15,CUST0061,Retail,Keyboard,Electronics,North,1,113.32,44.13,113.32,69.19
1425,2024-06-15,CUST0054,Retail,Headset,Electronics,North,1,122.84,56.37,122.84,66.47
1426,2024-06-16,CUST0048,SMB,USB-C Hub,Electronics,North,1,49.37,17.52,49.37,31.85
1427,2024-06-16,CUST0006,SMB,USB-C Hub,Electronics,South,5,45.52,17.96,227.6,137.8
1428,2024-06-16,CUST0042,Enterprise,USB-C Hub,Electronics,West,1,47.99,17.86,47.99,30.13
1429,2024-06-17,CUST0080,Enterprise,Notebook Pack,Stationery,South,1,13.55,4.11,13.55,9.44
1430,2024-06-17,CUST0070,SMB,Headset,Electronics,East,3,122.79,53.37,368.37,208.26
1431,2024-06-17,CUST0045,Enterprise,Desk Lamp,Furniture,North,2,65.66,24.26,131.32,82.8
1432,2024-06-18,CUST0040,SMB,Laptop Pro,Electronics,East,1,1284.55,787.43,1284.55,497.12
1433,2024-06-18,CUST0019,Retail,Notebook Pack,Stationery,North,3,13.05,4.1,39.15,26.85
1434,2024-06-18,CUST0048,SMB,Keyboard,Electronics,South,2,110.88,45.22,221.76,131.32
1435,2024-06-19,CUST0076,SMB,Pen Set,Stationery,South,2,9.77,3.08,19.54,13.38
1436,2024-06-19,CUST0041,Retail,USB-C Hub,Electronics,North,4,47.58,18.36,190.32,116.88
1437,2024-06-20,CUST0010,Enterprise,Office Chair,Furniture,North,4,374.14,182.92,1496.56,764.88
1438,2024-06-20,CUST0058,Retail,Wireless Mouse,Electronics,North,2,33.08,12.03,66.16,42.1
1439,2024-06-20,CUST0040,SMB,Headset,Electronics,North,2,132.98,53.65,265.96,158.66
1440,2024-06-21,CUST0006,SMB,"Monitor 27""",Electronics,East,1,442.45,215.36,442.45,227.09
1441,2024-06-21,CUST0051,SMB,Pen Set,Stationery,West,2,10.08,2.96,20.16,14.24
1442,2024-06-21,CUST0052,Enterprise,Headset,Electronics,North,4,128.0,55.17,512.0,291.32
1443,2024-06-22,CUST0018,SMB,Desk Lamp,Furniture,East,1,60.32,25.42,60.32,34.9
1444,2024-06-23,CUST0048,SMB,Wireless Mouse,Electronics,East,2,35.42,11.7,70.84,47.44
1445,2024-06-23,CUST0010,Enterprise,Notebook Pack,Stationery,West,1,13.0,4.1,13.0,8.9
1446,2024-06-24,CUST0043,Enterprise,"Monitor 27""",Electronics,North,1,447.23,214.07,447.23,233.16
1447,2024-06-24,CUST0051,SMB,Keyboard,Electronics,South,2,105.7,44.8,211.4,121.8
1448,2024-06-24,CUST0036,SMB,Office Chair,Furniture,West,1,412.9,174.97,412.9,237.93
1449,2024-06-24,CUST0038,SMB,Pen Set,Stationery,North,2,10.35,3.0,20.7,14.7
1450,2024-06-25,CUST0026,SMB,USB-C Hub,Electronics,North,2,50.16,17.73,100.32,64.86
1451,2024-06-26,CUST0046,Enterprise,Headset,Electronics,East,2,131.78,54.49,263.56,154.58
1452,2024-06-27,CUST0041,Retail,Standing Desk,Furniture,North,2,599.55,305.59,1199.1,587.92
1453,2024-06-27,CUST0061,Retail,USB-C Hub,Electronics,East,2,49.96,18.54,99.92,62.84
1454,2024-06-27,CUST0031,Retail,Headset,Electronics,North,1,132.37,56.38,132.37,75.99
1455,2024-06-28,CUST0074,SMB,Whiteboard,Stationery,West,3,91.11,39.65,273.33,154.38
1456,2024-06-29,CUST0046,Enterprise,Wireless Mouse,Electronics,East,4,31.4,12.14,125.6,77.04
1457,2024-06-29,CUST0073,Retail,Headset,Electronics,East,4,132.71,56.02,530.84,306.76
1458,2024-06-30,CUST0005,Retail,Notebook Pack,Stationery,North,1,13.3,3.93,13.3,9.37
1459,2024-06-30,CUST0079,SMB,Notebook Pack,Stationery,North,1,13.12,4.05,13.12,9.07
1460,2024-06-30,CUST0042,Enterprise,Keyboard,Electronics,West,1,102.37,45.55,102.37,56.82
1461,2024-06-30,CUST0068,Enterprise,Wireless Mouse,Electronics,North,4,35.53,11.91,142.12,94.48
1462,2024-07-01,CUST0042,Enterprise,Notebook Pack,Stationery,South,1,13.17,4.11,13.17,9.06
1463,2024-07-01,CUST0041,Retail,"Monitor 27""",Electronics,West,1,448.71,222.55,448.71,226.16
1464,2024-07-01,CUST0029,Retail,Keyboard,Electronics,East,2,111.82,44.67,223.64,134.3
1465,2024-07-01,CUST0023,SMB,Pen Set,Stationery,North,3,10.43,3.08,31.29,22.05
1466,2024-07-02,CUST0073,Retail,Keyboard,Electronics,East,1,108.82,46.14,108.82,62.68
1467,2024-07-02,CUST0073,Retail,Headset,Electronics,North,1,127.0,54.44,127.0,72.56
1468,2024-07-02,CUST0041,Retail,Wireless Mouse,Electronics,South,1,35.19,11.7,35.19,23.49
1469,2024-07-02,CUST0043,Enterprise,Pen Set,Stationery,East,2,9.54,2.95,19.08,13.18
1470,2024-07-03,CUST0001,SMB,Office Chair,Furniture,East,1,389.81,179.13,389.81,210.68
1471,2024-07-04,CUST0049,SMB,Keyboard,Electronics,South,1,105.6,45.89,105.6,59.71
1472,2024-07-04,CUST0029,Retail,"Monitor 27""",Electronics,East,1,398.79,224.56,398.79,174.23
1473,2024-07-05,CUST0014,Enterprise,Laptop Pro,Electronics,North,1,1223.81,794.02,1223.81,429.79
1474,2024-07-05,CUST0012,SMB,Pen Set,Stationery,South,1,10.48,3.07,10.48,7.41
1475,2024-07-05,CUST0022,SMB,Pen Set,Stationery,South,2,9.76,2.92,19.52,13.68
1476,2024-07-06,CUST0071,Enterprise,USB-C Hub,Electronics,North,3,49.73,17.75,149.19,95.94
1477,2024-07-06,CUST0007,Retail,USB-C Hub,Electronics,North,1,48.58,17.99,48.58,30.59
1478,2024-07-06,CUST0012,SMB,Laptop Pro,Electronics,North,1,1306.88,804.81,1306.88,502.07
1479,2024-07-07,CUST0038,SMB,Wireless Mouse,Electronics,North,5,33.37,11.72,166.85,108.25
1480,2024-07-07,CUST0034,Retail,"Monitor 27""",Electronics,South,1,425.03,215.84,425.03,209.19
1481,2024-07-08,CUST0034,Retail,Standing Desk,Furniture,South,2,619.3,306.07,1238.6,626.46
1482,2024-07-08,CUST0013,Enterprise,Notebook Pack,Stationery,North,1,13.51,4.01,13.51,9.5
1483,2024-07-08,CUST0071,Enterprise,Headset,Electronics,East,1,125.17,55.07,125.17,70.1
1484,2024-07-08,CUST0061,Retail,Headset,Electronics,East,2,122.63,54.34,245.26,136.58
1485,2024-07-09,CUST0065,Retail,Keyboard,Electronics,East,2,107.6,45.19,215.2,124.82
1486,2024-07-09,CUST0058,Retail,Headset,Electronics,North,1,135.19,56.56,135.19,78.63
1487,2024-07-09,CUST0055,SMB,"Monitor 27""",Electronics,North,1,432.78,216.07,432.78,216.71
1488,2024-07-09,CUST0077,Retail,"Monitor 27""",Electronics,North,1,445.48,225.47,445.48,220.01
1489,2024-07-10,CUST0071,Enterprise,Wireless Mouse,Electronics,East,1,32.5,11.97,32.5,20.53
1490,2024-07-11,CUST0067,Enterprise,"Monitor 27""",Electronics,East,3,400.96,215.38,1202.88,556.74
1491,2024-07-12,CUST0013,Enterprise,Keyboard,Electronics,East,3,112.57,46.03,337.71,199.62
1492,2024-07-13,CUST0074,SMB,USB-C Hub,Electronics,East,2,45.32,17.76,90.64,55.12
1493,2024-07-13,CUST0052,Enterprise,Wireless Mouse,Electronics,East,1,35.21,11.88,35.21,23.33
1494,2024-07-13,CUST0035,SMB,USB-C Hub,Electronics,East,4,45.21,18.34,180.84,107.48
1495,2024-07-13,CUST0063,SMB,Office Chair,Furniture,North,4,402.6,185.1,1610.4,870.0
1496,2024-07-14,CUST0057,Enterprise,Wireless Mouse,Electronics,West,3,32.7,12.16,98.1,61.62
1497,2024-07-14,CUST0057,Enterprise,Notebook Pack,Stationery,North,1,14.38,4.06,14.38,10.32
1498,2024-07-15,CUST0021,Retail,"Monitor 27""",Electronics,South,1,434.25,218.72,434.25,215.53
1499,2024-07-15,CUST0073,Retail,Whiteboard,Stationery,South,1,84.11,40.8,84.11,43.31
1500,2024-07-15,CUST0059,Enterprise,"Monitor 27""",Electronics,North,1,414.78,216.03,414.78,198.75
1501,2024-07-16,CUST0016,SMB,"Monitor 27""",Electronics,South,2,408.17,219.85,816.34,376.64
1502,2024-07-16,CUST0061,Retail,Desk Lamp,Furniture,West,2,62.76,24.5,125.52,76.52
1503,2024-07-16,CUST0012,SMB,Keyboard,Electronics,East,1,105.76,44.09,105.76,61.67
1504,2024-07-17,CUST0027,Enterprise,Keyboard,Electronics,East,1,106.08,43.7,106.08,62.38
1505,2024-07-17,CUST0002,Enterprise,Whiteboard,Stationery,East,2,83.41,39.22,166.82,88.38
1506,2024-07-18,CUST0040,SMB,USB-C Hub,Electronics,East,3,49.6,17.76,148.8,95.52
1507,2024-07-19,CUST0028,Enterprise,Keyboard,Electronics,South,2,109.88,45.88,219.76,128.0
1508,2024-07-19,CUST0066,Retail,Desk Lamp,Furniture,North,5,67.97,25.51,339.85,212.3
1509,2024-07-19,CUST0037,Retail,Notebook Pack,Stationery,East,1,13.08,3.9,13.08,9.18
1510,2024-07-19,CUST0036,SMB,Headset,Electronics,East,1,130.61,56.29,130.61,74.32
1511,2024-07-20,CUST0031,Retail,Wireless Mouse,Electronics,South,4,34.84,12.22,139.36,90.48
1512,2024-07-20,CUST0018,SMB,Notebook Pack,Stationery,East,3,14.07,4.12,42.21,29.85
1513,2024-07-20,CUST0050,SMB,USB-C Hub,Electronics,South,3,48.79,18.53,146.37,90.78
1514,2024-07-21,CUST0069,SMB,Office Chair,Furniture,East,2,391.76,184.76,783.52,414.0
1515,2024-07-21,CUST0022,SMB,Standing Desk,Furniture,South,3,671.03,294.26,2013.09,1130.31
1516,2024-07-22,CUST0072,Retail,Desk Lamp,Furniture,East,3,61.35,25.27,184.05,108.24
1517,2024-07-23,CUST0029,Retail,Pen Set,Stationery,North,3,9.6,3.05,28.8,19.65
1518,2024-07-23,CUST0038,SMB,Office Chair,Furniture,North,2,373.19,175.18,746.38,396.02
1519,2024-07-23,CUST0080,Enterprise,Pen Set,Stationery,East,1,10.36,3.0,10.36,7.36
1520,2024-07-24,CUST0020,Enterprise,Notebook Pack,Stationery,South,1,13.24,3.98,13.24,9.26
1521,2024-07-24,CUST0059,Enterprise,Notebook Pack,Stationery,West,1,14.45,3.92,14.45,10.53
1522,2024-07-24,CUST0023,SMB,Wireless Mouse,Electronics,South,1,31.54,11.97,31.54,19.57
1523,2024-07-24,CUST0074,SMB,USB-C Hub,Electronics,East,3,48.2,18.28,144.6,89.76
1524,2024-07-25,CUST0055,SMB,Wireless Mouse,Electronics,South,2,35.55,11.92,71.1,47.26
1525,2024-07-26,CUST0002,Enterprise,Notebook Pack,Stationery,East,4,14.26,4.01,57.04,41.0
1526,2024-07-27,CUST0032,Retail,Pen Set,Stationery,East,1,10.34,2.97,10.34,7.37
1527,2024-07-28,CUST0022,SMB,Standing Desk,Furniture,East,1,600.94,308.07,600.94,292.87
1528,2024-07-29,CUST0044,SMB,Pen Set,Stationery,East,2,10.09,2.93,20.18,14.32
1529,2024-07-29,CUST0025,Retail,Headset,Electronics,South,1,133.89,56.03,133.89,77.86
1530,2024-07-29,CUST0017,Enterprise,Laptop Pro,Electronics,North,1,1198.78,800.22,1198.78,398.56
1531,2024-07-29,CUST0005,Retail,Wireless Mouse,Electronics,East,1,34.11,12.2,34.11,21.91
1532,2024-07-30,CUST0014,Enterprise,Notebook Pack,Stationery,North,2,12.92,4.05,25.84,17.74
1533,2024-07-31,CUST0033,SMB,Desk Lamp,Furniture,North,2,61.09,25.29,122.18,71.6
1534,2024-07-31,CUST0013,Enterprise,Pen Set,Stationery,South,2,9.55,3.02,19.1,13.06
1535,2024-07-31,CUST0014,Enterprise,Wireless Mouse,Electronics,West,2,34.01,11.84,68.02,44.34
1536,2024-07-31,CUST0078,SMB,"Monitor 27""",Electronics,South,1,409.35,220.31,409.35,189.04
1537,2024-08-01,CUST0021,Retail,Standing Desk,Furniture,South,1,638.96,294.74,638.96,344.22
1538,2024-08-01,CUST0001,SMB,Headset,Electronics,South,1,120.17,53.71,120.17,66.46
1539,2024-08-02,CUST0066,Retail,Wireless Mouse,Electronics,North,1,34.48,12.29,34.48,22.19
1540,2024-08-02,CUST0038,SMB,Pen Set,Stationery,South,1,9.27,3.06,9.27,6.21
1541,2024-08-02,CUST0047,Enterprise,Keyboard,Electronics,West,3,104.71,45.64,314.13,177.21
1542,2024-08-02,CUST0006,SMB,Wireless Mouse,Electronics,East,1,31.89,12.11,31.89,19.78
1543,2024-08-03,CUST0080,Enterprise,Standing Desk,Furniture,South,1,658.93,297.71,658.93,361.22
1544,2024-08-03,CUST0052,Enterprise,Office Chair,Furniture,North,5,381.18,178.77,1905.9,1012.05
1545,2024-08-03,CUST0022,SMB,Keyboard,Electronics,East,1,110.14,43.81,110.14,66.33
1546,2024-08-04,CUST0062,SMB,Wireless Mouse,Electronics,West,3,34.28,11.77,102.84,67.53
1547,2024-08-04,CUST0004,Enterprise,Standing Desk,Furniture,South,4,671.32,304.09,2685.28,1468.92
1548,2024-08-05,CUST0053,SMB,Notebook Pack,Stationery,South,2,13.0,4.04,26.0,17.92
1549,2024-08-05,CUST0068,Enterprise,Laptop Pro,Electronics,West,3,1292.46,803.12,3877.38,1468.02
1550,2024-08-06,CUST0080,Enterprise,Notebook Pack,Stationery,East,1,14.08,3.94,14.08,10.14
1551,2024-08-06,CUST0050,SMB,Office Chair,Furniture,East,1,409.95,184.23,409.95,225.72
1552,2024-08-06,CUST0021,Retail,Pen Set,Stationery,North,2,9.81,3.0,19.62,13.62
1553,2024-08-07,CUST0031,Retail,Wireless Mouse,Electronics,South,1,32.51,12.0,32.51,20.51
1554,2024-08-07,CUST0031,Retail,Notebook Pack,Stationery,South,1,13.69,4.02,13.69,9.67
1555,2024-08-08,CUST0016,SMB,Keyboard,Electronics,South,5,110.84,43.7,554.2,335.7
1556,2024-08-09,CUST0001,SMB,Desk Lamp,Furniture,East,3,66.49,25.69,199.47,122.4
1557,2024-08-09,CUST0072,Retail,Pen Set,Stationery,West,1,10.07,3.08,10.07,6.99
1558,2024-08-09,CUST0029,Retail,Standing Desk,Furniture,North,3,625.09,304.81,1875.27,960.84
1559,2024-08-09,CUST0047,Enterprise,Notebook Pack,Stationery,East,3,13.09,4.06,39.27,27.09
1560,2024-08-10,CUST0038,SMB,Laptop Pro,Electronics,South,2,1258.22,781.1,2516.44,954.24
1561,2024-08-10,CUST0053,SMB,Keyboard,Electronics,South,1,108.94,44.16,108.94,64.78
1562,2024-08-11,CUST0025,Retail,USB-C Hub,Electronics,East,3,45.77,17.91,137.31,83.58
1563,2024-08-11,CUST0076,SMB,Keyboard,Electronics,West,1,112.92,44.88,112.92,68.04
1564,2024-08-11,CUST0064,SMB,Notebook Pack,Stationery,South,1,14.22,4.01,14.22,10.21
1565,2024-08-11,CUST0066,Retail,Desk Lamp,Furniture,East,3,67.49,25.29,202.47,126.6
1566,2024-08-12,CUST0050,SMB,Pen Set,Stationery,North,2,9.99,2.97,19.98,14.04
1567,2024-08-12,CUST0078,SMB,Keyboard,Electronics,South,4,111.08,44.39,444.32,266.76
1568,2024-08-13,CUST0018,SMB,Headset,Electronics,South,1,128.78,56.28,128.78,72.5
1569,2024-08-13,CUST0071,Enterprise,Notebook Pack,Stationery,West,4,14.18,4.1,56.72,40.32
1570,2024-08-13,CUST0080,Enterprise,Pen Set,Stationery,North,3,10.09,3.08,30.27,21.03
1571,2024-08-14,CUST0023,SMB,Headset,Electronics,East,2,130.32,54.41,260.64,151.82
1572,2024-08-14,CUST0062,SMB,Wireless Mouse,Electronics,South,2,35.45,12.15,70.9,46.6
1573,2024-08-15,CUST0002,Enterprise,Keyboard,Electronics,South,2,100.64,44.04,201.28,113.2
1574,2024-08-15,CUST0021,Retail,Pen Set,Stationery,North,5,10.09,2.94,50.45,35.75
1575,2024-08-15,CUST0027,Enterprise,Laptop Pro,Electronics,East,3,1200.54,815.07,3601.62,1156.41
1576,2024-08-16,CUST0072,Retail,Pen Set,Stationery,East,4,10.17,3.01,40.68,28.64
1577,2024-08-17,CUST0037,Retail,Notebook Pack,Stationery,East,2,12.97,3.97,25.94,18.0
1578,2024-08-17,CUST0041,Retail,Desk Lamp,Furniture,East,5,60.25,25.37,301.25,174.4
1579,2024-08-18,CUST0057,Enterprise,Pen Set,Stationery,East,3,10.38,3.04,31.14,22.02
1580,2024-08-18,CUST0070,SMB,Pen Set,Stationery,East,3,9.46,3.04,28.38,19.26
1581,2024-08-19,CUST0010,Enterprise,USB-C Hub,Electronics,North,1,46.19,18.01,46.19,28.18
1582,2024-08-19,CUST0072,Retail,Standing Desk,Furniture,South,1,610.66,306.23,610.66,304.43
1583,2024-08-20,CUST0020,Enterprise,Office Chair,Furniture,East,1,415.25,181.05,415.25,234.2
1584,2024-08-21,CUST0046,Enterprise,Notebook Pack,Stationery,East,1,14.17,4.01,14.17,10.16
1585,2024-08-21,CUST0065,Retail,Headset,Electronics,South,1,127.79,54.68,127.79,73.11
1586,2024-08-21,CUST0043,Enterprise,Office Chair,Furniture,West,1,382.31,184.86,382.31,197.45
1587,2024-08-22,CUST0002,Enterprise,Headset,Electronics,East,1,124.48,54.14,124.48,70.34
1588,2024-08-22,CUST0032,Retail,Pen Set,Stationery,West,5,10.09,2.97,50.45,35.6
1589,2024-08-22,CUST0050,SMB,Keyboard,Electronics,West,1,110.54,43.72,110.54,66.82
1590,2024-08-22,CUST0066,Retail,Notebook Pack,Stationery,East,3,13.69,3.89,41.07,29.4
1591,2024-08-23,CUST0013,Enterprise,Office Chair,Furniture,North,1,416.68,180.41,416.68,236.27
1592,2024-08-23,CUST0028,Enterprise,Laptop Pro,Electronics,North,4,1266.72,780.99,5066.88,1942.92
1593,2024-08-24,CUST0020,Enterprise,Pen Set,Stationery,West,1,10.13,2.92,10.13,7.21
1594,2024-08-24,CUST0033,SMB,Wireless Mouse,Electronics,North,2,33.82,11.8,67.64,44.04
1595,2024-08-24,CUST0052,Enterprise,USB-C Hub,Electronics,South,2,45.19,18.19,90.38,54.0
1596,2024-08-24,CUST0080,Enterprise,Notebook Pack,Stationery,East,1,14.24,3.89,14.24,10.35
1597,2024-08-25,CUST0038,SMB,Standing Desk,Furniture,South,3,622.5,292.56,1867.5,989.82
1598,2024-08-26,CUST0004,Enterprise,Standing Desk,Furniture,East,2,642.09,293.45,1284.18,697.28
1599,2024-08-26,CUST0070,SMB,Desk Lamp,Furniture,East,1,65.16,24.7,65.16,40.46
1600,2024-08-26,CUST0048,SMB,Keyboard,Electronics,West,5,100.44,46.01,502.2,272.15
1601,2024-08-26,CUST0074,SMB,Wireless Mouse,Electronics,North,2,33.65,12.32,67.3,42.66
1602,2024-08-27,CUST0045,Enterprise,USB-C Hub,Electronics,East,1,50.85,18.38,50.85,32.47
1603,2024-08-27,CUST0079,SMB,Wireless Mouse,Electronics,North,3,32.14,11.77,96.42,61.11
1604,2024-08-27,CUST0071,Enterprise,"Monitor 27""",Electronics,West,2,425.33,217.24,850.66,416.18
1605,2024-08-28,CUST0075,SMB,USB-C Hub,Electronics,North,2,47.19,17.6,94.38,59.18
1606,2024-08-29,CUST0025,Retail,Wireless Mouse,Electronics,East,1,33.27,12.08,33.27,21.19
1607,2024-08-29,CUST0073,Retail,Office Chair,Furniture,East,2,408.98,184.95,817.96,448.06
1608,2024-08-30,CUST0029,Retail,Laptop Pro,Electronics,North,3,1303.3,789.28,3909.9,1542.06
1609,2024-08-30,CUST0043,Enterprise,Standing Desk,Furniture,East,4,636.13,297.46,2544.52,1354.68
1610,2024-08-31,CUST0078,SMB,Notebook Pack,Stationery,North,1,13.39,4.08,13.39,9.31
1611,2024-08-31,CUST0010,Enterprise,Keyboard,Electronics,North,3,112.92,45.94,338.76,200.94
1612,2024-08-31,CUST0075,SMB,Pen Set,Stationery,East,2,9.97,3.07,19.94,13.8
1613,2024-09-01,CUST0061,Retail,Notebook Pack,Stationery,West,2,13.15,3.97,26.3,18.36
1614,2024-09-01,CUST0038,SMB,Keyboard,Electronics,East,1,107.38,43.89,107.38,63.49
1615,2024-09-01,CUST0031,Retail,Standing Desk,Furniture,North,3,665.13,302.05,1995.39,1089.24
1616,2024-09-02,CUST0021,Retail,Whiteboard,Stationery,North,1,92.86,40.38,92.86,52.48
1617,2024-09-02,CUST0062,SMB,Headset,Electronics,East,4,119.36,55.86,477.44,254.0
1618,2024-09-03,CUST0006,SMB,Laptop Pro,Electronics,South,2,1282.54,813.99,2565.08,937.1
1619,2024-09-03,CUST0006,SMB,Standing Desk,Furniture,West,1,651.8,292.86,651.8,358.94
1620,2024-09-04,CUST0070,SMB,"Monitor 27""",Electronics,North,2,415.69,218.4,831.38,394.58
1621,2024-09-04,CUST0010,Enterprise,Notebook Pack,Stationery,West,2,13.56,4.1,27.12,18.92
1622,2024-09-04,CUST0045,Enterprise,Notebook Pack,Stationery,South,2,13.76,4.03,27.52,19.46
1623,2024-09-05,CUST0066,Retail,Desk Lamp,Furniture,North,2,61.59,24.53,123.18,74.12
1624,2024-09-05,CUST0016,SMB,Standing Desk,Furniture,East,2,632.06,296.94,1264.12,670.24
1625,2024-09-06,CUST0027,Enterprise,Notebook Pack,Stationery,South,2,14.06,3.98,28.12,20.16
1626,2024-09-07,CUST0021,Retail,Laptop Pro,Electronics,East,1,1281.65,818.76,1281.65,462.89
1627,2024-09-07,CUST0024,Enterprise,Wireless Mouse,Electronics,North,2,33.07,12.34,66.14,41.46
1628,2024-09-08,CUST0037,Retail,Keyboard,Electronics,East,4,103.35,45.29,413.4,232.24
1629,2024-09-09,CUST0053,SMB,Keyboard,Electronics,North,2,111.54,45.87,223.08,131.34
1630,2024-09-09,CUST0034,Retail,Wireless Mouse,Electronics,East,1,34.31,12.3,34.31,22.01
1631,2024-09-09,CUST0049,SMB,Notebook Pack,Stationery,North,1,13.08,3.93,13.08,9.15
1632,2024-09-09,CUST0054,Retail,Keyboard,Electronics,South,3,108.86,44.13,326.58,194.19
1633,2024-09-10,CUST0016,SMB,Keyboard,Electronics,South,1,109.62,46.09,109.62,63.53
1634,2024-09-11,CUST0056,SMB,Keyboard,Electronics,East,2,105.53,43.77,211.06,123.52
1635,2024-09-12,CUST0049,SMB,USB-C Hub,Electronics,East,1,50.21,18.44,50.21,31.77
1636,2024-09-12,CUST0055,SMB,"Monitor 27""",Electronics,East,1,421.29,216.47,421.29,204.82
1637,2024-09-12,CUST0070,SMB,Keyboard,Electronics,North,2,102.96,45.56,205.92,114.8
1638,2024-09-12,CUST0016,SMB,"Monitor 27""",Electronics,East,2,415.6,216.11,831.2,398.98
1639,2024-09-13,CUST0055,SMB,Desk Lamp,Furniture,North,2,61.94,25.53,123.88,72.82
1640,2024-09-13,CUST0036,SMB,Desk Lamp,Furniture,South,5,63.16,24.56,315.8,193.0
1641,2024-09-13,CUST0023,SMB,Notebook Pack,Stationery,East,1,13.89,3.94,13.89,9.95
1642,2024-09-14,CUST0051,SMB,Notebook Pack,Stationery,East,3,14.44,4.04,43.32,31.2
1643,2024-09-14,CUST0021,Retail,Whiteboard,Stationery,South,1,87.76,40.69,87.76,47.07
1644,2024-09-14,CUST0007,Retail,"Monitor 27""",Electronics,East,1,448.47,213.47,448.47,235.0
1645,2024-09-15,CUST0077,Retail,"Monitor 27""",Electronics,South,2,398.25,216.33,796.5,363.84
1646,2024-09-16,CUST0052,Enterprise,Notebook Pack,Stationery,East,2,13.83,4.05,27.66,19.56
1647,2024-09-17,CUST0064,SMB,Headset,Electronics,East,2,122.06,55.52,244.12,133.08
1648,2024-09-18,CUST0066,Retail,USB-C Hub,Electronics,East,2,46.56,17.64,93.12,57.84
1649,2024-09-18,CUST0001,SMB,Laptop Pro,Electronics,North,5,1209.75,789.24,6048.75,2102.55
1650,2024-09-18,CUST0052,Enterprise,Desk Lamp,Furniture,East,2,64.17,25.36,128.34,77.62
1651,2024-09-19,CUST0072,Retail,Keyboard,Electronics,South,4,105.21,46.25,420.84,235.84
1652,2024-09-20,CUST0059,Enterprise,USB-C Hub,Electronics,West,4,48.74,17.74,194.96,124.0
1653,2024-09-20,CUST0010,Enterprise,Desk Lamp,Furniture,North,2,62.67,24.43,125.34,76.48
1654,2024-09-20,CUST0069,SMB,Notebook Pack,Stationery,North,3,13.93,4.05,41.79,29.64
1655,2024-09-21,CUST0044,SMB,Notebook Pack,Stationery,East,5,13.72,3.99,68.6,48.65
1656,2024-09-21,CUST0015,SMB,Notebook Pack,Stationery,North,1,13.58,4.07,13.58,9.51
1657,2024-09-21,CUST0041,Retail,USB-C Hub,Electronics,East,2,47.33,18.04,94.66,58.58
1658,2024-09-21,CUST0037,Retail,Pen Set,Stationery,North,1,10.08,3.06,10.08,7.02
1659,2024-09-22,CUST0041,Retail,Notebook Pack,Stationery,North,1,14.51,3.94,14.51,10.57
1660,2024-09-23,CUST0031,Retail,Notebook Pack,Stationery,North,4,13.26,3.93,53.04,37.32
1661,2024-09-23,CUST0020,Enterprise,USB-C Hub,Electronics,East,3,45.84,17.54,137.52,84.9
1662,2024-09-24,CUST0070,SMB,Pen Set,Stationery,East,5,10.3,2.98,51.5,36.6
1663,2024-09-24,CUST0074,SMB,Office Chair,Furniture,West,4,392.54,185.23,1570.16,829.24
1664,2024-09-24,CUST0029,Retail,Keyboard,Electronics,North,3,102.1,45.07,306.3,171.09
1665,2024-09-24,CUST0005,Retail,Desk Lamp,Furniture,West,2,63.13,25.28,126.26,75.7
1666,2024-09-25,CUST0067,Enterprise,Desk Lamp,Furniture,North,2,65.62,24.27,131.24,82.7
1667,2024-09-25,CUST0042,Enterprise,USB-C Hub,Electronics,East,1,50.57,17.66,50.57,32.91
1668,2024-09-26,CUST0079,SMB,USB-C Hub,Electronics,South,1,46.25,17.92,46.25,28.33
1669,2024-09-26,CUST0047,Enterprise,Desk Lamp,Furniture,East,4,62.16,24.52,248.64,150.56
1670,2024-09-26,CUST0030,SMB,Wireless Mouse,Electronics,East,3,34.47,12.22,103.41,66.75
1671,2024-09-27,CUST0020,Enterprise,Keyboard,Electronics,North,2,100.42,44.79,200.84,111.26
1672,2024-09-27,CUST0067,Enterprise,Wireless Mouse,Electronics,West,2,32.68,11.99,65.36,41.38
1673,2024-09-27,CUST0007,Retail,USB-C Hub,Electronics,West,1,49.48,17.52,49.48,31.96
1674,2024-09-27,CUST0013,Enterprise,"Monitor 27""",Electronics,South,2,413.34,218.16,826.68,390.36
1675,2024-09-28,CUST0045,Enterprise,Office Chair,Furniture,South,4,417.04,176.75,1668.16,961.16
1676,2024-09-28,CUST0023,SMB,Notebook Pack,Stationery,East,5,13.4,3.96,67.0,47.2
1677,2024-09-28,CUST0058,Retail,Notebook Pack,Stationery,East,4,13.57,3.95,54.28,38.48
1678,2024-09-29,CUST0044,SMB,Keyboard,Electronics,East,2,108.96,44.74,217.92,128.44
1679,2024-09-29,CUST0044,SMB,Keyboard,Electronics,North,1,104.77,44.44,104.77,60.33
1680,2024-09-30,CUST0057,Enterprise,Notebook Pack,Stationery,South,3,14.59,4.06,43.77,31.59
1681,2024-09-30,CUST0022,SMB,Notebook Pack,Stationery,South,1,12.92,4.05,12.92,8.87
1682,2024-09-30,CUST0011,Enterprise,Pen Set,Stationery,West,1,9.72,2.93,9.72,6.79
1683,2024-10-01,CUST0051,SMB,Notebook Pack,Stationery,North,2,14.69,3.9,29.38,21.58
1684,2024-10-01,CUST0050,SMB,Pen Set,Stationery,North,1,9.52,2.96,9.52,6.56
1685,2024-10-01,CUST0022,SMB,Pen Set,Stationery,North,1,10.06,3.06,10.06,7.0
1686,2024-10-01,CUST0070,SMB,Office Chair,Furniture,South,4,395.53,176.06,1582.12,877.88
1687,2024-10-02,CUST0073,Retail,Notebook Pack,Stationery,South,2,14.04,4.01,28.08,20.06
1688,2024-10-02,CUST0030,SMB,Keyboard,Electronics,South,3,106.54,44.64,319.62,185.7
1689,2024-10-03,CUST0067,Enterprise,Wireless Mouse,Electronics,North,3,35.03,11.89,105.09,69.42
1690,2024-10-03,CUST0063,SMB,Desk Lamp,Furniture,North,4,63.83,24.26,255.32,158.28
1691,2024-10-03,CUST0030,SMB,Desk Lamp,Furniture,North,3,64.43,24.53,193.29,119.7
1692,2024-10-04,CUST0050,SMB,Desk Lamp,Furniture,North,3,61.66,24.37,184.98,111.87
1693,2024-10-04,CUST0079,SMB,Pen Set,Stationery,South,3,10.09,2.96,30.27,21.39
1694,2024-10-04,CUST0053,SMB,Whiteboard,Stationery,East,1,82.67,39.13,82.67,43.54
1695,2024-10-04,CUST0058,Retail,Wireless Mouse,Electronics,South,1,34.03,11.78,34.03,22.25
1696,2024-10-05,CUST0003,SMB,Wireless Mouse,Electronics,West,1,31.73,11.83,31.73,19.9
1697,2024-10-06,CUST0020,Enterprise,Pen Set,Stationery,North,1,9.48,2.99,9.48,6.49
1698,2024-10-06,CUST0048,SMB,"Monitor 27""",Electronics,South,2,438.82,217.76,877.64,442.12
1699,2024-10-06,CUST0008,Enterprise,"Monitor 27""",Electronics,West,1,416.57,220.57,416.57,196.0
1700,2024-10-06,CUST0033,SMB,Wireless Mouse,Electronics,West,3,34.94,11.73,104.82,69.63
1701,2024-10-07,CUST0032,Retail,Standing Desk,Furniture,West,3,599.91,299.3,1799.73,901.83
1702,2024-10-07,CUST0027,Enterprise,Whiteboard,Stationery,South,2,89.76,39.55,179.52,100.42
1703,2024-10-08,CUST0071,Enterprise,Wireless Mouse,Electronics,East,2,32.4,12.1,64.8,40.6
1704,2024-10-08,CUST0028,Enterprise,USB-C Hub,Electronics,West,5,46.58,17.93,232.9,143.25
1705,2024-10-08,CUST0075,SMB,Laptop Pro,Electronics,East,1,1328.34,776.43,1328.34,551.91
1706,2024-10-09,CUST0077,Retail,Notebook Pack,Stationery,East,1,14.28,3.94,14.28,10.34
1707,2024-10-10,CUST0008,Enterprise,Wireless Mouse,Electronics,East,1,34.13,12.14,34.13,21.99
1708,2024-10-10,CUST0030,SMB,"Monitor 27""",Electronics,North,1,425.82,221.91,425.82,203.91
1709,2024-10-10,CUST0025,Retail,Office Chair,Furniture,West,1,386.67,182.42,386.67,204.25
1710,2024-10-10,CUST0057,Enterprise,USB-C Hub,Electronics,North,2,48.54,17.99,97.08,61.1
1711,2024-10-11,CUST0060,SMB,Notebook Pack,Stationery,South,1,14.39,4.1,14.39,10.29
1712,2024-10-11,CUST0020,Enterprise,Notebook Pack,Stationery,North,2,14.37,4.01,28.74,20.72
1713,2024-10-12,CUST0049,SMB,Laptop Pro,Electronics,East,3,1344.18,805.75,4032.54,1615.29
1714,2024-10-12,CUST0042,Enterprise,Standing Desk,Furniture,East,3,652.62,300.7,1957.86,1055.76
1715,2024-10-12,CUST0064,SMB,Standing Desk,Furniture,South,3,610.08,296.1,1830.24,941.94
1716,2024-10-12,CUST0013,Enterprise,Desk Lamp,Furniture,South,2,60.36,25.5,120.72,69.72
1717,2024-10-13,CUST0014,Enterprise,Wireless Mouse,Electronics,North,2,31.72,12.05,63.44,39.34
1718,2024-10-13,CUST0068,Enterprise,"Monitor 27""",Electronics,East,2,427.6,214.05,855.2,427.1
1719,2024-10-14,CUST0027,Enterprise,Notebook Pack,Stationery,North,2,14.57,4.08,29.14,20.98
1720,2024-10-14,CUST0047,Enterprise,Desk Lamp,Furniture,East,2,67.73,24.87,135.46,85.72
1721,2024-10-15,CUST0079,SMB,"Monitor 27""",Electronics,North,1,396.95,214.33,396.95,182.62
1722,2024-10-15,CUST0067,Enterprise,Office Chair,Furniture,West,1,404.69,180.34,404.69,224.35
1723,2024-10-15,CUST0032,Retail,Wireless Mouse,Electronics,South,2,35.47,12.04,70.94,46.86
1724,2024-10-16,CUST0074,SMB,Whiteboard,Stationery,East,1,87.19,40.4,87.19,46.79
1725,2024-10-16,CUST0024,Enterprise,Keyboard,Electronics,North,2,107.43,45.43,214.86,124.0
1726,2024-10-16,CUST0046,Enterprise,Notebook Pack,Stationery,East,4,13.88,4.12,55.52,39.04
1727,2024-10-16,CUST0056,SMB,"Monitor 27""",Electronics,South,3,412.72,216.58,1238.16,588.42
1728,2024-10-17,CUST0033,SMB,Standing Desk,Furniture,East,1,635.25,308.28,635.25,326.97
1729,2024-10-17,CUST0037,Retail,Laptop Pro,Electronics,North,2,1282.49,823.68,2564.98,917.62
1730,2024-10-18,CUST0028,Enterprise,Laptop Pro,Electronics,West,4,1198.74,815.45,4794.96,1533.16
1731,2024-10-18,CUST0071,Enterprise,Pen Set,Stationery,North,2,9.94,3.01,19.88,13.86
1732,2024-10-18,CUST0020,Enterprise,Wireless Mouse,Electronics,South,1,32.9,12.06,32.9,20.84
1733,2024-10-19,CUST0074,SMB,USB-C Hub,Electronics,South,1,50.93,18.25,50.93,32.68
1734,2024-10-19,CUST0023,SMB,Pen Set,Stationery,East,2,10.37,3.04,20.74,14.66
1735,2024-10-20,CUST0074,SMB,Notebook Pack,Stationery,South,1,14.3,4.1,14.3,10.2
1736,2024-10-21,CUST0054,Retail,Office Chair,Furniture,East,4,373.33,182.92,1493.32,761.64
1737,2024-10-21,CUST0002,Enterprise,Whiteboard,Stationery,West,2,89.19,38.93,178.38,100.52
1738,2024-10-21,CUST0073,Retail,Notebook Pack,Stationery,South,1,13.79,3.93,13.79,9.86
1739,2024-10-22,CUST0058,Retail,Pen Set,Stationery,West,3,9.95,2.93,29.85,21.06
1740,2024-10-23,CUST0017,Enterprise,USB-C Hub,Electronics,South,1,48.11,18.26,48.11,29.85
1741,2024-10-23,CUST0052,Enterprise,Notebook Pack,Stationery,North,2,14.29,3.91,28.58,20.76
1742,2024-10-23,CUST0063,SMB,Wireless Mouse,Electronics,East,1,33.81,12.04,33.81,21.77
1743,2024-10-23,CUST0032,Retail,Headset,Electronics,South,1,131.71,54.42,131.71,77.29
1744,2024-10-24,CUST0047,Enterprise,Wireless Mouse,Electronics,South,1,32.7,12.07,32.7,20.63
1745,2024-10-25,CUST0045,Enterprise,Whiteboard,Stationery,North,2,93.34,39.86,186.68,106.96
1746,2024-10-26,CUST0030,SMB,Desk Lamp,Furniture,West,1,62.96,25.39,62.96,37.57
1747,2024-10-26,CUST0007,Retail,Keyboard,Electronics,North,1,109.08,44.05,109.08,65.03
1748,2024-10-27,CUST0015,SMB,Laptop Pro,Electronics,East,1,1274.65,791.93,1274.65,482.72
1749,2024-10-27,CUST0070,SMB,Whiteboard,Stationery,North,2,84.87,39.96,169.74,89.82
1750,2024-10-27,CUST0003,SMB,Pen Set,Stationery,North,1,10.38,3.0,10.38,7.38
1751,2024-10-28,CUST0080,Enterprise,Wireless Mouse,Electronics,North,1,33.34,12.32,33.34,21.02
1752,2024-10-28,CUST0047,Enterprise,Laptop Pro,Electronics,East,4,1198.3,817.64,4793.2,1522.64
1753,2024-10-28,CUST0049,SMB,Pen Set,Stationery,North,2,10.12,3.07,20.24,14.1
1754,2024-10-29,CUST0024,Enterprise,Keyboard,Electronics,South,1,113.98,45.16,113.98,68.82
1755,2024-10-29,CUST0068,Enterprise,Pen Set,Stationery,North,1,9.84,3.04,9.84,6.8
1756,2024-10-29,CUST0046,Enterprise,Laptop Pro,Electronics,East,2,1234.97,822.96,2469.94,824.02
1757,2024-10-29,CUST0033,SMB,Notebook Pack,Stationery,East,4,14.5,4.08,58.0,41.68
1758,2024-10-30,CUST0029,Retail,Headset,Electronics,West,1,133.73,55.52,133.73,78.21
1759,2024-10-31,CUST0079,SMB,Pen Set,Stationery,South,4,10.09,2.99,40.36,28.4
1760,2024-11-01,CUST0078,SMB,Desk Lamp,Furniture,South,1,64.38,24.56,64.38,39.82
1761,2024-11-01,CUST0026,SMB,Wireless Mouse,Electronics,South,4,32.65,12.15,130.6,82.0
1762,2024-11-01,CUST0019,Retail,Notebook Pack,Stationery,North,2,13.91,3.92,27.82,19.98
1763,2024-11-02,CUST0016,SMB,Notebook Pack,Stationery,West,1,14.41,3.91,14.41,10.5
1764,2024-11-02,CUST0053,SMB,Laptop Pro,Electronics,South,5,1246.31,811.79,6231.55,2172.6
1765,2024-11-03,CUST0017,Enterprise,Wireless Mouse,Electronics,North,1,34.65,12.08,34.65,22.57
1766,2024-11-03,CUST0030,SMB,USB-C Hub,Electronics,East,2,46.55,17.49,93.1,58.12
1767,2024-11-03,CUST0018,SMB,Wireless Mouse,Electronics,East,2,33.95,12.15,67.9,43.6
1768,2024-11-03,CUST0063,SMB,Standing Desk,Furniture,West,2,610.9,295.07,1221.8,631.66
1769,2024-11-04,CUST0035,SMB,Whiteboard,Stationery,North,5,84.45,40.41,422.25,220.2
1770,2024-11-04,CUST0023,SMB,USB-C Hub,Electronics,North,4,51.36,18.4,205.44,131.84
1771,2024-11-04,CUST0059,Enterprise,Notebook Pack,Stationery,South,4,13.66,4.07,54.64,38.36
1772,2024-11-04,CUST0041,Retail,Notebook Pack,Stationery,East,1,14.59,4.02,14.59,10.57
1773,2024-11-04,CUST0005,Retail,Notebook Pack,Stationery,East,2,13.7,4.08,27.4,19.24
1774,2024-11-05,CUST0069,SMB,Keyboard,Electronics,North,1,110.7,45.16,110.7,65.54
1775,2024-11-05,CUST0007,Retail,Notebook Pack,Stationery,East,1,13.68,4.09,13.68,9.59
1776,2024-11-06,CUST0079,SMB,Desk Lamp,Furniture,South,4,65.63,25.61,262.52,160.08
1777,2024-11-06,CUST0012,SMB,Desk Lamp,Furniture,East,3,60.76,25.42,182.28,106.02
1778,2024-11-06,CUST0018,SMB,Headset,Electronics,East,1,124.1,53.43,124.1,70.67
1779,2024-11-06,CUST0026,SMB,Desk Lamp,Furniture,West,4,60.56,24.74,242.24,143.28
1780,2024-11-07,CUST0015,SMB,Pen Set,Stationery,North,3,10.02,2.93,30.06,21.27
1781,2024-11-07,CUST0066,Retail,Pen Set,Stationery,East,2,9.41,3.01,18.82,12.8
1782,2024-11-07,CUST0043,Enterprise,Laptop Pro,Electronics,North,2,1306.45,783.2,2612.9,1046.5
1783,2024-11-08,CUST0054,Retail,Wireless Mouse,Electronics,East,1,34.51,12.33,34.51,22.18
1784,2024-11-08,CUST0017,Enterprise,USB-C Hub,Electronics,North,5,45.1,18.29,225.5,134.05
1785,2024-11-08,CUST0064,SMB,Laptop Pro,Electronics,South,2,1196.05,818.37,2392.1,755.36
1786,2024-11-09,CUST0059,Enterprise,USB-C Hub,Electronics,East,2,45.59,18.11,91.18,54.96
1787,2024-11-09,CUST0080,Enterprise,USB-C Hub,Electronics,South,2,50.3,17.68,100.6,65.24
1788,2024-11-09,CUST0045,Enterprise,Wireless Mouse,Electronics,North,1,35.05,12.12,35.05,22.93
1789,2024-11-10,CUST0014,Enterprise,Office Chair,Furniture,North,2,376.33,181.86,752.66,388.94
1790,2024-11-10,CUST0077,Retail,Notebook Pack,Stationery,East,2,13.9,4.11,27.8,19.58
1791,2024-11-10,CUST0005,Retail,Whiteboard,Stationery,South,1,85.34,39.68,85.34,45.66
1792,2024-11-10,CUST0055,SMB,Standing Desk,Furniture,North,3,602.56,299.47,1807.68,909.27
1793,2024-11-11,CUST0068,Enterprise,Pen Set,Stationery,North,2,9.47,2.95,18.94,13.04
1794,2024-11-11,CUST0068,Enterprise,Laptop Pro,Electronics,East,5,1276.76,809.06,6383.8,2338.5
1795,2024-11-12,CUST0034,Retail,Desk Lamp,Furniture,West,2,68.21,24.78,136.42,86.86
1796,2024-11-12,CUST0067,Enterprise,Wireless Mouse,Electronics,East,3,33.48,12.22,100.44,63.78
1797,2024-11-12,CUST0038,SMB,Keyboard,Electronics,North,5,100.3,43.71,501.5,282.95
1798,2024-11-12,CUST0027,Enterprise,Pen Set,Stationery,North,3,10.5,2.98,31.5,22.56
1799,2024-11-13,CUST0028,Enterprise,Office Chair,Furniture,East,1,377.52,177.64,377.52,199.88
1800,2024-11-13,CUST0065,Retail,"Monitor 27""",Electronics,South,2,437.46,214.9,874.92,445.12
1801,2024-11-13,CUST0073,Retail,Office Chair,Furniture,South,2,368.59,176.5,737.18,384.18
1802,2024-11-13,CUST0062,SMB,Office Chair,Furniture,South,4,408.43,181.57,1633.72,907.44
1803,2024-11-14,CUST0069,SMB,Wireless Mouse,Electronics,South,4,33.32,12.23,133.28,84.36
1804,2024-11-14,CUST0067,Enterprise,Keyboard,Electronics,North,1,110.55,44.5,110.55,66.05
1805,2024-11-14,CUST0043,Enterprise,Notebook Pack,Stationery,North,3,14.5,3.96,43.5,31.62
1806,2024-11-14,CUST0004,Enterprise,Headset,Electronics,North,1,124.97,55.11,124.97,69.86
1807,2024-11-14,CUST0024,Enterprise,Wireless Mouse,Electronics,East,2,35.1,12.18,70.2,45.84
1808,2024-11-15,CUST0012,SMB,Pen Set,Stationery,North,2,9.51,2.99,19.02,13.04
1809,2024-11-15,CUST0039,Retail,Headset,Electronics,North,1,124.96,53.47,124.96,71.49
1810,2024-11-15,CUST0065,Retail,USB-C Hub,Electronics,North,1,48.15,18.0,48.15,30.15
1811,2024-11-15,CUST0068,Enterprise,Wireless Mouse,Electronics,West,1,32.73,12.19,32.73,20.54
1812,2024-11-16,CUST0017,Enterprise,"Monitor 27""",Electronics,West,1,396.72,218.52,396.72,178.2
1813,2024-11-16,CUST0040,SMB,Keyboard,Electronics,North,4,110.02,45.25,440.08,259.08
1814,2024-11-17,CUST0014,Enterprise,Office Chair,Furniture,West,2,401.26,177.97,802.52,446.58
1815,2024-11-17,CUST0027,Enterprise,Notebook Pack,Stationery,South,1,13.23,3.95,13.23,9.28
1816,2024-11-18,CUST0035,SMB,Whiteboard,Stationery,East,1,85.05,38.84,85.05,46.21
1817,2024-11-18,CUST0027,Enterprise,Pen Set,Stationery,South,2,9.91,2.96,19.82,13.9
1818,2024-11-18,CUST0074,SMB,Headset,Electronics,East,1,119.87,55.37,119.87,64.5
1819,2024-11-18,CUST0017,Enterprise,Office Chair,Furniture,South,1,413.93,175.14,413.93,238.79
1820,2024-11-19,CUST0023,SMB,Laptop Pro,Electronics,South,3,1345.59,806.21,4036.77,1618.14
1821,2024-11-19,CUST0046,Enterprise,Pen Set,Stationery,South,1,10.26,3.04,10.26,7.22
1822,2024-11-19,CUST0060,SMB,Pen Set,Stationery,South,2,9.32,3.05,18.64,12.54
1823,2024-11-19,CUST0040,SMB,Pen Set,Stationery,North,2,10.12,2.99,20.24,14.26
1824,2024-11-19,CUST0079,SMB,USB-C Hub,Electronics,North,1,47.4,17.66,47.4,29.74
1825,2024-11-20,CUST0059,Enterprise,"Monitor 27""",Electronics,West,2,398.33,214.89,796.66,366.88
1826,2024-11-20,CUST0037,Retail,Notebook Pack,Stationery,West,3,13.98,3.91,41.94,30.21
1827,2024-11-20,CUST0014,Enterprise,Wireless Mouse,Electronics,East,1,34.15,12.21,34.15,21.94
1828,2024-11-20,CUST0053,SMB,Notebook Pack,Stationery,South,1,13.32,3.92,13.32,9.4
1829,2024-11-21,CUST0076,SMB,Standing Desk,Furniture,South,2,679.78,301.21,1359.56,757.14
1830,2024-11-21,CUST0023,SMB,Office Chair,Furniture,East,2,371.12,184.65,742.24,372.94
1831,2024-11-21,CUST0076,SMB,Notebook Pack,Stationery,South,2,13.47,3.9,26.94,19.14
1832,2024-11-21,CUST0052,Enterprise,Desk Lamp,Furniture,South,1,60.72,25.47,60.72,35.25
1833,2024-11-21,CUST0064,SMB,Whiteboard,Stationery,South,2,82.59,39.32,165.18,86.54
1834,2024-11-22,CUST0001,SMB,Keyboard,Electronics,West,3,109.64,44.87,328.92,194.31
1835,2024-11-22,CUST0058,Retail,USB-C Hub,Electronics,East,1,49.42,17.8,49.42,31.62
1836,2024-11-22,CUST0039,Retail,Notebook Pack,Stationery,West,4,14.58,4.05,58.32,42.12
1837,2024-11-23,CUST0079,SMB,Headset,Electronics,East,5,125.46,53.77,627.3,358.45
1838,2024-11-23,CUST0071,Enterprise,USB-C Hub,Electronics,South,5,45.09,18.06,225.45,135.15
1839,2024-11-23,CUST0037,Retail,Headset,Electronics,North,4,122.62,55.67,490.48,267.8
1840,2024-11-23,CUST0049,SMB,Desk Lamp,Furniture,South,2,63.48,24.57,126.96,77.82
1841,2024-11-24,CUST0050,SMB,Notebook Pack,Stationery,North,3,13.54,3.98,40.62,28.68
1842,2024-11-24,CUST0017,Enterprise,USB-C Hub,Electronics,West,1,45.54,17.48,45.54,28.06
1843,2024-11-24,CUST0056,SMB,Pen Set,Stationery,South,5,9.38,2.93,46.9,32.25
1844,2024-11-25,CUST0078,SMB,Keyboard,Electronics,West,4,109.11,44.88,436.44,256.92
1845,2024-11-25,CUST0050,SMB,Desk Lamp,Furniture,East,1,61.37,25.16,61.37,36.21
1846,2024-11-25,CUST0031,Retail,Notebook Pack,Stationery,West,3,13.37,4.1,40.11,27.81
1847,2024-11-25,CUST0005,Retail,Notebook Pack,Stationery,North,2,14.16,3.91,28.32,20.5
1848,2024-11-25,CUST0019,Retail,Notebook Pack,Stationery,East,3,13.84,4.09,41.52,29.25
1849,2024-11-26,CUST0079,SMB,Desk Lamp,Furniture,North,1,63.79,25.36,63.79,38.43
1850,2024-11-26,CUST0070,SMB,Headset,Electronics,North,3,123.92,53.52,371.76,211.2
1851,2024-11-26,CUST0061,Retail,Office Chair,Furniture,East,2,414.08,180.8,828.16,466.56
1852,2024-11-26,CUST0038,SMB,Office Chair,Furniture,South,1,368.91,184.57,368.91,184.34
1853,2024-11-27,CUST0008,Enterprise,Pen Set,Stationery,East,2,9.95,3.01,19.9,13.88
1854,2024-11-27,CUST0080,Enterprise,Pen Set,Stationery,North,1,9.83,2.93,9.83,6.9
1855,2024-11-27,CUST0033,SMB,Wireless Mouse,Electronics,East,1,32.52,12.26,32.52,20.26
1856,2024-11-27,CUST0023,SMB,Laptop Pro,Electronics,North,4,1319.87,807.64,5279.48,2048.92
1857,2024-11-28,CUST0031,Retail,"Monitor 27""",Electronics,North,2,439.26,224.78,878.52,428.96
1858,2024-11-28,CUST0019,Retail,Office Chair,Furniture,North,2,409.7,183.65,819.4,452.1
1859,2024-11-28,CUST0050,SMB,Whiteboard,Stationery,South,1,86.97,40.33,86.97,46.64
1860,2024-11-28,CUST0045,Enterprise,USB-C Hub,Electronics,East,1,46.76,18.35,46.76,28.41
1861,2024-11-29,CUST0039,Retail,Wireless Mouse,Electronics,South,2,35.47,12.3,70.94,46.34
1862,2024-11-29,CUST0050,SMB,USB-C Hub,Electronics,East,2,46.0,18.4,92.0,55.2
1863,2024-11-30,CUST0049,SMB,USB-C Hub,Electronics,East,2,51.21,18.2,102.42,66.02
1864,2024-11-30,CUST0046,Enterprise,Laptop Pro,Electronics,West,5,1268.0,820.07,6340.0,2239.65
1865,2024-12-01,CUST0013,Enterprise,Office Chair,Furniture,North,1,397.38,179.58,397.38,217.8
1866,2024-12-01,CUST0076,SMB,Pen Set,Stationery,North,3,9.88,3.03,29.64,20.55
1867,2024-12-01,CUST0002,Enterprise,Headset,Electronics,South,2,132.63,53.39,265.26,158.48
1868,2024-12-01,CUST0058,Retail,Wireless Mouse,Electronics,North,1,34.49,11.82,34.49,22.67
1869,2024-12-02,CUST0077,Retail,Laptop Pro,Electronics,North,2,1336.16,821.62,2672.32,1029.08
1870,2024-12-02,CUST0016,SMB,Pen Set,Stationery,East,1,9.99,2.98,9.99,7.01
1871,2024-12-03,CUST0033,SMB,Keyboard,Electronics,East,1,109.64,43.85,109.64,65.79
1872,2024-12-03,CUST0055,SMB,Desk Lamp,Furniture,West,2,65.44,25.41,130.88,80.06
1873,2024-12-03,CUST0036,SMB,USB-C Hub,Electronics,East,3,47.52,17.82,142.56,89.1
1874,2024-12-04,CUST0023,SMB,USB-C Hub,Electronics,East,2,48.21,18.46,96.42,59.5
1875,2024-12-04,CUST0063,SMB,Notebook Pack,Stationery,North,1,13.86,3.98,13.86,9.88
1876,2024-12-05,CUST0014,Enterprise,Keyboard,Electronics,East,1,101.28,45.61,101.28,55.67
1877,2024-12-05,CUST0064,SMB,Whiteboard,Stationery,North,1,89.29,41.04,89.29,48.25
1878,2024-12-06,CUST0051,SMB,USB-C Hub,Electronics,East,2,48.36,18.48,96.72,59.76
1879,2024-12-06,CUST0009,SMB,Notebook Pack,Stationery,South,2,12.89,4.11,25.78,17.56
1880,2024-12-06,CUST0073,Retail,"Monitor 27""",Electronics,South,2,449.98,217.8,899.96,464.36
1881,2024-12-06,CUST0012,SMB,Office Chair,Furniture,North,1,411.34,178.27,411.34,233.07
1882,2024-12-06,CUST0038,SMB,"Monitor 27""",Electronics,East,2,404.53,213.92,809.06,381.22
1883,2024-12-07,CUST0050,SMB,Pen Set,Stationery,North,4,10.02,2.97,40.08,28.2
1884,2024-12-07,CUST0025,Retail,Wireless Mouse,Electronics,East,1,32.13,12.16,32.13,19.97
1885,2024-12-07,CUST0009,SMB,Notebook Pack,Stationery,South,3,14.05,4.0,42.15,30.15
1886,2024-12-07,CUST0003,SMB,Headset,Electronics,East,1,119.62,55.95,119.62,63.67
1887,2024-12-07,CUST0067,Enterprise,Laptop Pro,Electronics,North,2,1309.59,817.96,2619.18,983.26
1888,2024-12-08,CUST0010,Enterprise,Whiteboard,Stationery,North,1,83.52,40.37,83.52,43.15
1889,2024-12-08,CUST0006,SMB,Desk Lamp,Furniture,West,1,65.28,24.27,65.28,41.01
1890,2024-12-08,CUST0013,Enterprise,Pen Set,Stationery,West,2,9.42,3.02,18.84,12.8
1891,2024-12-09,CUST0079,SMB,Wireless Mouse,Electronics,East,1,34.84,11.95,34.84,22.89
1892,2024-12-09,CUST0052,Enterprise,"Monitor 27""",Electronics,West,1,449.1,221.0,449.1,228.1
1893,2024-12-10,CUST0028,Enterprise,Office Chair,Furniture,West,3,397.84,178.22,1193.52,658.86
1894,2024-12-10,CUST0054,Retail,Wireless Mouse,Electronics,North,1,32.92,11.76,32.92,21.16
1895,2024-12-10,CUST0018,SMB,USB-C Hub,Electronics,East,1,50.48,18.12,50.48,32.36
1896,2024-12-11,CUST0001,SMB,Laptop Pro,Electronics,South,1,1351.48,809.92,1351.48,541.56
1897,2024-12-11,CUST0061,Retail,Notebook Pack,Stationery,North,2,13.26,4.03,26.52,18.46
1898,2024-12-11,CUST0023,SMB,Notebook Pack,Stationery,South,2,12.95,3.92,25.9,18.06
1899,2024-12-12,CUST0039,Retail,Pen Set,Stationery,North,1,9.21,2.95,9.21,6.26
1900,2024-12-12,CUST0013,Enterprise,Wireless Mouse,Electronics,South,2,35.09,12.35,70.18,45.48
1901,2024-12-12,CUST0027,Enterprise,Notebook Pack,Stationery,South,1,13.23,4.07,13.23,9.16
1902,2024-12-12,CUST0061,Retail,Pen Set,Stationery,West,2,9.41,3.08,18.82,12.66
1903,2024-12-12,CUST0027,Enterprise,Laptop Pro,Electronics,South,2,1251.53,814.65,2503.06,873.76
1904,2024-12-13,CUST0069,SMB,Laptop Pro,Electronics,East,1,1327.73,799.28,1327.73,528.45
1905,2024-12-13,CUST0057,Enterprise,Wireless Mouse,Electronics,West,2,32.72,11.78,65.44,41.88
1906,2024-12-13,CUST0015,SMB,Pen Set,Stationery,South,1,9.33,3.04,9.33,6.29
1907,2024-12-13,CUST0029,Retail,Keyboard,Electronics,South,1,108.57,43.8,108.57,64.77
1908,2024-12-13,CUST0079,SMB,Desk Lamp,Furniture,North,2,63.07,24.45,126.14,77.24
1909,2024-12-14,CUST0026,SMB,Pen Set,Stationery,West,1,9.24,3.01,9.24,6.23
1910,2024-12-14,CUST0060,SMB,USB-C Hub,Electronics,North,2,46.17,17.83,92.34,56.68
1911,2024-12-14,CUST0079,SMB,Keyboard,Electronics,East,4,108.47,45.14,433.88,253.32
1912,2024-12-15,CUST0063,SMB,Wireless Mouse,Electronics,West,4,32.24,11.98,128.96,81.04
1913,2024-12-15,CUST0055,SMB,Desk Lamp,Furniture,North,3,61.88,24.74,185.64,111.42
1914,2024-12-15,CUST0076,SMB,Notebook Pack,Stationery,West,4,14.54,4.1,58.16,41.76
1915,2024-12-16,CUST0061,Retail,Headset,Electronics,North,3,127.14,54.75,381.42,217.17
1916,2024-12-16,CUST0013,Enterprise,Desk Lamp,Furniture,East,2,61.83,25.09,123.66,73.48
1917,2024-12-16,CUST0028,Enterprise,Laptop Pro,Electronics,East,1,1245.03,807.09,1245.03,437.94
1918,2024-12-16,CUST0040,SMB,Wireless Mouse,Electronics,South,1,33.31,12.05,33.31,21.26
1919,2024-12-16,CUST0060,SMB,Notebook Pack,Stationery,West,3,14.47,3.98,43.41,31.47
1920,2024-12-17,CUST0001,SMB,Pen Set,Stationery,East,4,9.29,3.07,37.16,24.88
1921,2024-12-17,CUST0055,SMB,Office Chair,Furniture,North,3,403.29,181.22,1209.87,666.21
1922,2024-12-17,CUST0011,Enterprise,Notebook Pack,Stationery,North,2,13.49,4.1,26.98,18.78
1923,2024-12-17,CUST0047,Enterprise,Notebook Pack,Stationery,West,4,13.08,3.97,52.32,36.44
1924,2024-12-18,CUST0072,Retail,Standing Desk,Furniture,North,3,644.39,304.92,1933.17,1018.41
1925,2024-12-18,CUST0070,SMB,Wireless Mouse,Electronics,South,1,33.39,12.32,33.39,21.07
1926,2024-12-19,CUST0042,Enterprise,Whiteboard,Stationery,East,1,84.97,40.43,84.97,44.54
1927,2024-12-19,CUST0045,Enterprise,USB-C Hub,Electronics,North,2,48.27,18.36,96.54,59.82
1928,2024-12-19,CUST0069,SMB,Desk Lamp,Furniture,South,4,63.62,24.8,254.48,155.28
1929,2024-12-20,CUST0012,SMB,Wireless Mouse,Electronics,West,1,35.25,11.85,35.25,23.4
1930,2024-12-20,CUST0036,SMB,Headset,Electronics,North,1,121.16,53.85,121.16,67.31
1931,2024-12-21,CUST0038,SMB,Notebook Pack,Stationery,East,2,14.12,4.1,28.24,20.04
1932,2024-12-21,CUST0003,SMB,Notebook Pack,Stationery,South,1,12.99,4.09,12.99,8.9
1933,2024-12-21,CUST0043,Enterprise,USB-C Hub,Electronics,West,2,47.26,18.16,94.52,58.2
1934,2024-12-22,CUST0068,Enterprise,Notebook Pack,Stationery,East,3,13.69,3.95,41.07,29.22
1935,2024-12-22,CUST0022,SMB,Wireless Mouse,Electronics,East,3,32.28,11.91,96.84,61.11
1936,2024-12-22,CUST0019,Retail,USB-C Hub,Electronics,West,1,47.98,17.64,47.98,30.34
1937,2024-12-22,CUST0037,Retail,Keyboard,Electronics,East,1,102.76,45.56,102.76,57.2
1938,2024-12-23,CUST0041,Retail,Wireless Mouse,Electronics,North,2,33.23,11.91,66.46,42.64
1939,2024-12-23,CUST0041,Retail,USB-C Hub,Electronics,East,5,46.02,17.94,230.1,140.4
1940,2024-12-23,CUST0016,SMB,Headset,Electronics,South,4,125.46,55.0,501.84,281.84
1941,2024-12-24,CUST0020,Enterprise,Headset,Electronics,West,1,131.06,56.57,131.06,74.49
1942,2024-12-24,CUST0061,Retail,Office Chair,Furniture,East,4,417.37,182.74,1669.48,938.52
1943,2024-12-24,CUST0073,Retail,Headset,Electronics,East,3,134.15,54.47,402.45,239.04
1944,2024-12-25,CUST0018,SMB,Pen Set,Stationery,West,2,9.35,2.91,18.7,12.88
1945,2024-12-25,CUST0046,Enterprise,Pen Set,Stationery,North,1,9.27,3.03,9.27,6.24
1946,2024-12-26,CUST0026,SMB,Whiteboard,Stationery,East,1,88.11,39.87,88.11,48.24
1947,2024-12-26,CUST0066,Retail,Pen Set,Stationery,North,1,9.84,3.02,9.84,6.82
1948,2024-12-26,CUST0047,Enterprise,Notebook Pack,Stationery,North,1,14.18,3.98,14.18,10.2
1949,2024-12-27,CUST0045,Enterprise,Standing Desk,Furniture,North,1,634.67,301.1,634.67,333.57
1950,2024-12-27,CUST0054,Retail,USB-C Hub,Electronics,West,3,46.92,18.33,140.76,85.77
1951,2024-12-27,CUST0054,Retail,Headset,Electronics,South,1,128.53,53.63,128.53,74.9
1952,2024-12-27,CUST0068,Enterprise,USB-C Hub,Electronics,South,5,45.5,18.5,227.5,135.0
1953,2024-12-27,CUST0053,SMB,Whiteboard,Stationery,North,2,85.04,39.22,170.08,91.64
1954,2024-12-28,CUST0018,SMB,Pen Set,Stationery,East,1,10.28,2.96,10.28,7.32
1955,2024-12-28,CUST0039,Retail,Notebook Pack,Stationery,East,3,13.43,4.01,40.29,28.26
1956,2024-12-28,CUST0001,SMB,Desk Lamp,Furniture,North,1,62.34,25.21,62.34,37.13
1957,2024-12-28,CUST0037,Retail,Pen Set,Stationery,North,2,9.84,3.03,19.68,13.62
1958,2024-12-28,CUST0036,SMB,USB-C Hub,Electronics,North,2,51.26,18.11,102.52,66.3
1959,2024-12-29,CUST0034,Retail,Notebook Pack,Stationery,East,2,13.75,4.05,27.5,19.4
1960,2024-12-29,CUST0074,SMB,Wireless Mouse,Electronics,South,1,32.43,12.06,32.43,20.37
1961,2024-12-29,CUST0018,SMB,Wireless Mouse,Electronics,South,1,31.51,11.9,31.51,19.61
1962,2024-12-29,CUST0007,Retail,Pen Set,Stationery,West,1,9.89,3.08,9.89,6.81
1963,2024-12-30,CUST0013,Enterprise,Whiteboard,Stationery,North,2,83.81,39.57,167.62,88.48
1964,2024-12-30,CUST0039,Retail,Office Chair,Furniture,West,1,403.28,178.52,403.28,224.76
1965,2024-12-30,CUST0019,Retail,Notebook Pack,Stationery,South,1,13.82,3.97,13.82,9.85
1966,2024-12-31,CUST0021,Retail,Desk Lamp,Furniture,West,1,61.11,24.58,61.11,36.53
1967,2024-12-31,CUST0079,SMB,Wireless Mouse,Electronics,West,2,35.49,12.25,70.98,46.48
1968,2024-12-31,CUST0015,SMB,Pen Set,Stationery,East,2,10.39,2.93,20.78,14.92
1969,2024-12-31,CUST0045,Enterprise,Wireless Mouse,Electronics,North,1,32.88,12.23,32.88,20.65
1970,2024-12-31,CUST0044,SMB,Keyboard,Electronics,East,1,104.6,45.66,104.6,58.94
